-- phpMyAdmin SQL Dump
-- version 5.2.0
-- https://www.phpmyadmin.net/
--
-- Хост: 127.0.0.1
-- Время создания: Янв 25 2023 г., 09:24
-- Версия сервера: 10.4.27-MariaDB
-- Версия PHP: 8.1.12

SET SQL_MODE = "NO_AUTO_VALUE_ON_ZERO";
START TRANSACTION;
SET time_zone = "+00:00";


/*!40101 SET @OLD_CHARACTER_SET_CLIENT=@@CHARACTER_SET_CLIENT */;
/*!40101 SET @OLD_CHARACTER_SET_RESULTS=@@CHARACTER_SET_RESULTS */;
/*!40101 SET @OLD_COLLATION_CONNECTION=@@COLLATION_CONNECTION */;
/*!40101 SET NAMES utf8mb4 */;

--
-- База данных: `blog`
--

-- --------------------------------------------------------

--
-- Структура таблицы `article`
--

CREATE TABLE `article` (
  `article_id` int(11) NOT NULL,
  `article_title` varchar(100) CHARACTER SET utf8mb4 COLLATE utf8mb4_general_ci NOT NULL,
  `article_slug` varchar(150) NOT NULL,
  `article_keyword` varchar(50) NOT NULL,
  `article_text` longtext CHARACTER SET utf8mb4 COLLATE utf8mb4_general_ci NOT NULL,
  `article_code` longtext NOT NULL,
  `article_status` int(11) NOT NULL DEFAULT 1,
  `article_key` int(11) NOT NULL DEFAULT 1,
  `article_view` int(11) NOT NULL,
  `article_created` timestamp NOT NULL DEFAULT current_timestamp(),
  `article_updated` timestamp NOT NULL DEFAULT current_timestamp(),
  `category_id` int(11) NOT NULL
) ENGINE=InnoDB DEFAULT CHARSET=utf8 COLLATE=utf8_general_ci;

--
-- Дамп данных таблицы `article`
--

INSERT INTO `article` (`article_id`, `article_title`, `article_slug`, `article_keyword`, `article_text`, `article_code`, `article_status`, `article_key`, `article_view`, `article_created`, `article_updated`, `category_id`) VALUES
(1, 'Ismi Azam Salavatı ve Faziletleri', 'ismi-azam-salavati-ve-faziletleri', '#ismi-azam #salavat #hacet', '<h3>Ismi Azam Salavati şerife</h3>\r\n\r\n<h3>C&uuml;bbeli Ahmet Mahmut &Uuml;nl&uuml; Hoca Efendi Hazretleri</h3>\r\n\r\n<p><iframe allow=\"accelerometer; autoplay; clipboard-write; encrypted-media; gyroscope; picture-in-picture; web-share\" allowfullscreen=\"\" frameborder=\"0\" height=\"315\" src=\"https://www.youtube.com/embed/DLA-iLnHEeg\" title=\"YouTube video player\" width=\"100%\"></iframe></p>\r\n\r\n<p><img alt=\"\" src=\"https://blogger.googleusercontent.com/img/b/R29vZ2xl/AVvXsEhjXDMfib25WQQxA1J8ftCXveLb8KAuOB3bSFaaOBgqL_eJ_u6HLMrxB9PcmfFXt6_CrpmjubTRY8o_mOGhwaAwGwnqiuo2R0_0vNM66x2CBBriWrps3PGToZGMkUQrt8bR4ODKZ5CyRKA-B3DC5-wQlTaLfycmfToUVEU2HEbpXGrsBGp7l23BE_sP/w640-h252/ismiazamsavalati.jpg\" style=\"width: 700px; height: 275px;\" /></p>\r\n\r\n<p><strong>Bismillahirrahm&acirc;nirrah&icirc;m</strong></p>\r\n\r\n<p><b>All&acirc;h&uuml;mme inn&icirc; es-el&uuml;ke bismikel a&#39;zamil mekt&ucirc;bi min n&ucirc;ri vechikel a&#39;lel m&uuml;ebbedid-d&acirc;imil b&acirc;qil muhalledi f&icirc; qalbi nebiyyike ve ras&ucirc;like Muhammed. Ve es-el&uuml;ke bismikel a&#39;zamil v&acirc;hidi bi vahdetil ehad. El m&uuml;te&acirc;l&icirc; an vahdetil kemmi vel aded. El muqaddesi an k&uuml;lli ehad. Bi haqqi: &#39;&#39;Bismill&acirc;hirrahm&acirc;nirrah&icirc;m. qul huvall&acirc;hu ehad. All&acirc;hussamed. Lem yelid ve lem y&ucirc;led. Ve lem yek&uuml;lleh&ucirc; k&uuml;f&uuml;ven ehad.&#39;&#39; En t&uuml;salliye al&acirc; seyyidin&acirc; Muhammedin sirri hay&acirc;til vuc&ucirc;di vessebebil a&#39;zami lik&uuml;lli mevc&ucirc;din sal&acirc;ten t&uuml;sebbit&uuml; f&icirc; qalbil &icirc;m&acirc;ne ve t&uuml;haffizunil qur-&acirc;ne ve t&uuml;fehhimun&icirc; minhul &acirc;y&acirc;ti ve teftehu l&icirc; bih&acirc; n&ucirc;ral cenn&acirc;ti ve n&ucirc;ranna&icirc;mi ve n&ucirc;rannazari il&acirc; vechikel ker&icirc;mi ve al&acirc; &acirc;lih&icirc; ve sahbih&icirc; ve sellim.&nbsp;</b></p>\r\n\r\n<p>Ey All&acirc;h! Ş&uuml;phesiz ben Senden; o y&uuml;ce,m&uuml;ebbed,daim ve ebedi olan Z&acirc;tın&rsquo;ın(yaratttığı o m&uuml;barek) n&ucirc;rundan;O Peygamberlerin ve Ras&ucirc;l&uuml;n Muhammed(Aleyhisselam)&rsquo;ın kalbine yazılmış olan o En b&uuml;y&uuml;k İsmin h&uuml;rmetine istiyorum.Yine elbette ki ben Senden(ikincisi ve &uuml;&ccedil;&uuml;nc&uuml;s&uuml; olan sayılar itibariyle değilde) ehadiyyetin birliği ile tek olan,kemmiyet ve adedin tekliğinden de y&uuml;ce ve herkesten(de herşeyden de)Mukaddes olan İsm-i &Acirc;zam&rsquo;ın bahşına istiyorum<br />\r\nVe nih&acirc;i olarak da):O Rahman ve o Rahim olan Allah&rsquo;ın ismiyle! de ki: &ldquo;O Allah&rsquo;tır,Ehad&rsquo;dir.Ancak All&acirc;h Samed&rsquo;dir(hi&ccedil;bir kimseye muhta&ccedil; olmayıp herkes kendisine muhta&ccedil; olandır).O doğurmamıştır ve doğrulmamıştır.Hi&ccedil;bir kimse O&rsquo;na denk de olmamıştır.&rdquo;(me&acirc;lindeki İhl&acirc;s S&ucirc;resi) hakkı i&ccedil;in diliyorum ki;varlık &acirc;leminin v&acirc;r olmasının sırrı ve her bir mevcur(yaratılmış) i&ccedil;in en b&uuml;y&uuml;k (var olma) sebeb&rsquo;i olan Efendimiz Muhammed&rsquo;e &ouml;yle bir sal&acirc;t ile sal&acirc;t edesin ki o sal&acirc;t;kalbimde im&acirc;nı sabit kılsın,bana Kur&rsquo;an-ı Kerim&rsquo;i ezberletsin,ondaki &acirc;yet-i kerimleri bana anlama kabiliyeti sağlasın,onunla bana(um&ucirc;men) cennetlerin n&ucirc;runu,(hususen de) Na&rsquo;im cennetinin n&ucirc;runu ve Keremli Z&acirc;tın&rsquo;ı m&uuml;ş&acirc;hedenin nurunu a&ccedil;asın.(Ey All&acirc;h! Efendimiz&rsquo;e)Ehl-i Beyti&rsquo;ne ve sah&acirc;besine (de bu sal&acirc;tl beraber &ccedil;okca selam eyle.&rdquo;</p>\r\n\r\n<p>&nbsp;</p>\r\n\r\n<p>Yusuf ibni İsma&#39;il en-Nebhani (Rahimehullah)&rsquo;ın: Se&#39;adet&uuml;&#39;d-dareyn fi&#39;s-salati &#39;ala Seyyidi&#39;l-Kevneyn (Sallallahu Aleyhi ve Sellem) isimli eserinde: Hakkında bir&ccedil;ok fazilet zikrettiği bir salat-&uuml; selam vardır ki o da şudur:<br />\r\nBu salevat-ı şerife b&uuml;y&uuml;k veli, arif-i billah Şeyh Muhammed<br />\r\nTakiy&uuml;ddin ed-Dimeşki el-Hanbeli (Kuddise Sirruhu) Hazretleri&#39;ne aittir.<br />\r\nBu salevat-ı şerifenin fevaidi (faydaları) hakkında m&uuml;stakil bir risale vardır ki sahibi bu salevat-ı şerifede<br />\r\nİsm-i Azam&#39;ı zikretmiştir.<br />\r\nBu salevat-ı şerifeyi okumanın faydalarından bazılarını sayacak olursak:<br />\r\n1. Bu salevat-ı şerifeyi (herg&uuml;n 100 kere) okuyan,Evliyaullahtan (Allah-u Te&#39;ala&#39;nın &ouml;zel dostlarından) olur.<br />\r\n2. Bu salevat-ı şerifeyi (her g&uuml;n 1000 kere) okuyabilen kişi:<br />\r\nGayptan infak eder yani ge&ccedil;iminin nereden geldiğini anlamayacak &nbsp;şekilde kendisine bir bereket ihsan edilip hi&ccedil; bitmeden harcar harcar t&uuml;kenmez.<br />\r\n3. Bu salevat-ı şerife cumayı cumartesiye bağlayan gece bir zalimi helak etmek i&ccedil;in (1000 kere) okunursa:<br />\r\nOnun helaki i&ccedil;in &ccedil;ok ilgin&ccedil; haller zuhur eder.<br />\r\n4. Yol kesen eşkiya veya başka tehlikeli hadiseler karşısında, sol ayağın altından alınan bir avu&ccedil; toprak &uuml;zerine bu salevat-ı şerife (7 kere) okunup, sonra d&uuml;şmanların bulunduğu cihete doğru, yukarı tarafa atıldığı zaman anında d&uuml;şmanlar canibinde helak &nbsp;vaki olur.<br />\r\n5. Bu salevat-ı şerife aşağıda zikredilecek niyetlerden hangisi i&ccedil;in &nbsp;(7 kere) okunursa o murad hasıl olur.<br />\r\na. Kaybolan bir şey bulunur.<br />\r\nb. Ka&ccedil;an bir şey geri gelir.<br />\r\nc. &Ccedil;alınan bir mal iade edilir.<br />\r\nd. Yağma edilen bir mal iade olunur.<br />\r\ne. Emanet alınan şey selametle geri d&ouml;ner.<br />\r\nf. Verilen bor&ccedil; zayi olmayıp geri &ouml;denir.<br />\r\nAncak her seferinde sevabının<br />\r\nRasul&uuml;llah (Sallallahu Aleyhi ve Sellem)&rsquo;e,Ehl-i Beyti&#39;ne, sahabesine, dostlarına, rical-i ğayba ve n&ouml;bet<br />\r\neshabına (d&uuml;nyada g&ouml;revli tasarruf sahibi velilere) ve onların reisine ulaşmasına niyet edilerek bu salevat-ı şerife okunur.Ayrıca okuyan kişi istediği şeyin ger&ccedil;ekleşmesi durumunda:<br />\r\nRasul&uuml;llah (Sallallahu Aleyhi ve Sellem)&rsquo;in,Ehl-i Beyti&#39;nin, sahabesinin, evliyaullahın ve dostlarının adına<br />\r\nfakirlere, miskinlere ve yetimlere biraz tatlı ve yiyecekler ikram edeceğine baştan niyet ederse, bu durumda muradının hasıl olması daha kuvvetle muhtemeldir ki haceti hasıl olduğunda da bunu ger&ccedil;ekleştirmelidir.<br />\r\n6. Bu salevat-ı şerife g&uuml;nn&uuml;k buhurunun &uuml;zerine okunup,hasta olan kişi bununla t&uuml;ts&uuml;lenirse:<br />\r\nHangi hastalık olursa olsun Allah-u Te&#39;ala&#39;nın izniyle iyileşir.<br />\r\n7. Baş ağrısı, migren, sıtma, g&ouml;z iltihabı ve g&ouml;zlerle ilgili hastalıklar i&ccedil;in g&uuml;l suyuna:<br />\r\nHer birinin evvelinde (bir Fatiha) okunarak,bu salevat-ı şerife (7 kere) okunur ve ardından hasta<br />\r\nbu suyu v&uuml;cuduna s&uuml;rerse,Allah-u Te&#39;ala&#39;nın izniyle anında afiyete kavuşur.<br />\r\n8. Herhangi bir hastanın yahut yılan ya da akrep tarafından sokulan kişinin şifası i&ccedil;in:<br />\r\nBu salevat-ı şerife her birinin evvelinde (bir Fatiha) okunarak,su &uuml;zerine toplam (7 kere) okunduktan sonra,hasta olan kişi bu sudan v&uuml;cuduna s&uuml;rer ve i&ccedil;erse,Allah-u Te&#39;ala&#39;nın izniyle şifa bulur.<br />\r\n9. S&uuml;t&uuml; ka&ccedil;mış emziren bir anneninya da (inek gibi) bir hayvanın s&uuml;t&uuml; bol olsun diye,bu salevat-ı şerife her birinin evelinde (bir Fatiha) okunarak,kaynak suyu &uuml;zerine toplam (7 kere) okunup sonra,s&uuml;t&uuml; bollaşması istenen kişiye i&ccedil;irilirve s&uuml;t b&ouml;lgesine o sudan s&uuml;r&uuml;l&uuml;rse,Allah-u Te&#39;ala&#39;nın izniyle s&uuml;t&uuml; bolca akar.<br />\r\n10. Doğum zorluğu, idrar sıkışması ve bel soğukluğu bulunan kişiler i&ccedil;in:Bu salevat-ı şerife her birinin evvelinde (bir Fatiha) okunarak, buhura veya suya ya da yağa veyahut da merhem &uuml;zerine okunarak v&uuml;cuttaki o b&ouml;lgelere s&uuml;r&uuml;l&uuml;rse,Allah-u Te&#39;ala&#39;nın izniyle maksad hasıl olur.<br />\r\n11. Kendisinde cinlerden sebep bir rahatsızlıkbulunan kişinin şifası i&ccedil;in:Bu salevat-ı şerife bir bez par&ccedil;asına okunup hastanın başına bağlanırsa,<br />\r\nAllah-u Te&#39;ala&#39;nın izniyle şifa bulur.<br />\r\n12. Bu salevat-ı şerife (1-3-7) gibi tek sayılar &uuml;zere (7 kere) olsa iyi olur.<br />\r\nBir su &uuml;zerine okunup o su uyumadan &ouml;nce i&ccedil;ilirse:<br />\r\nAllah-u Te&#39;ala&#39;nın izniyle o kişi şu dertlerden kurtulur:<br />\r\na. Korkutucu r&uuml;yalar.<br />\r\nb. Panikatak gibi durumlar.<br />\r\nc. Unutkanlık.<br />\r\nd. Nefes darlığı.<br />\r\ne. G&ouml;ğ&uuml;s ağrısı.<br />\r\nf. Yel girmesinden dolayı hasıl olan rahatsızlık.<br />\r\ng. Kulun&ccedil; ağrıları.<br />\r\nh. Uykusuzluk.<br />\r\nI. Kalp &ccedil;ırpıntısı.<br />\r\n13. Bu salevat-ı şerifenin yazılı bulunduğu kağıt bir d&uuml;kkana asılırsa:<br />\r\na. Orada g&uuml;zel haller zuhur eder.<br />\r\nb. İnsanlara makbul g&ouml;r&uuml;n&uuml;r.<br />\r\nc. Alışveriş &ccedil;oğalır.<br />\r\nd. Ticaret, kar ve bereket fazla olur.<br />\r\n14. Satılmak istenilen bir eşyanınya da evlendirilmek istenilen bir kızın &uuml;zerine:<br />\r\nBu salevat-ı şerife okunup &uuml;flenirse ona karşı rağbet artar ve bakanlara karşı onda g&uuml;zellik zuhur eder.<br />\r\n15. Rasul&uuml;llah (Sallallahu Aleyhi ve Sellem) yada Hızır (Aleyhisselam)&rsquo;ı r&uuml;yada g&ouml;rmek isteyen veya<br />\r\nbir şeyin akıbetini merak edip ne olacağını bilmek isteyen yahut &nbsp;d&uuml;nyası ve ahireti i&ccedil;in faydalı bir şey &ouml;ğrenmek isteyen kişi: Uyurken başının yanında da g&uuml;l suyu (g&uuml;l yağı ya da ud kokusu) &nbsp;gibi hoş kokulu bir şey bulundurarak, bu salevat-ı şerifeyi (100 kere) okur ve abdestli bir vaziyette &nbsp;kıbleye doğru uyur.<br />\r\nB&ouml;yle yaparsa o insanın niyet ettiği yani g&ouml;rmek istediği şeyle ilgiliRasul&uuml;llah (Sallallahu Aleyhi ve Sellem)&rsquo;in ruhaniyeti ona temess&uuml;l eder.<br />\r\nTabi ki bu mesele, kişinin kabiliyetine g&ouml;re değişir.Himmeti ne kadar g&uuml;&ccedil;l&uuml;yse, ruhani suret daha belirgin olur.B&ouml;ylece o kişiye, merak ettiği şeylerle ilgili bilgiler ruhaniyetten akıtılır ve kitaplarda bulunamayacak malumat kendisine verilir.</p>\r\n\r\n<p><br />\r\n<strong>Bir insan (40 g&uuml;n) ihlaslı bir şekilde bu hal &uuml;zere devam ederse:</strong><br />\r\n1. Hikmet pınarları kalbinden diline vurur.<br />\r\n2. Keşif ehlinden olur.<br />\r\n3. Kabul nurlarıyla boyanır.<br />\r\n4. Nurlar ona şekillenip g&ouml;z&uuml;k&uuml;r. Ama bu duruma ulaşan kişi sırrını gizlemelidir ki işi ge&ccedil;erli olsun. Yoksa sırları ifşa ettiği i&ccedil;in velilerin divanından silinir.<br />\r\nYine de insan, mevcut olana razı gelmelidir. &Ccedil;&uuml;nk&uuml; en faydalı şey odur. Gayb aleminden perde a&ccedil;ılsa da insan yine başına geleni se&ccedil;er, zira en hayırlısı kişinin başına gelendir.<br />\r\nAşağıda bu salevat-ı şerife ile ilgli bir terkip zikredeceğiz ki,bu amel işlendiğinde sıralayacağımız maddelerdekimuratlar hasıl olur:</p>\r\n\r\n<p>1. Ka&ccedil;an biri geri gelir.<br />\r\n2. Saralı biri bayıldığında ayılır.<br />\r\n3. B&uuml;y&uuml;den dolayı (cimadan) bağlı olan &ccedil;&ouml;z&uuml;l&uuml;r.<br />\r\n4. Kendisine sihir etki eden kişi b&uuml;y&uuml;den kurtulur.<br />\r\n5. Hapisteki kişi serbest kalır.<br />\r\n6. Esir olan kurtulur.<br />\r\n7. Gamı, kederi ve h&uuml;zn&uuml; olanın derdi zail olur.<br />\r\n8. Bor&ccedil;lu kişi bor&ccedil;larından kurtulur.<br />\r\n9. Sevilmeyen ve itibarsız durumda olan kişi insanlar tarafından sevilir.<br />\r\n10. Toplumdan dışlanan kişi itibar kazanır.<br />\r\n11. Fel&ccedil;li kişi fel&ccedil;ten kurtulur.<br />\r\n12. Hasta kişi derdinden şifa bulur.<br />\r\n13. Sıtmaya tutulan kişi deva bulur.<br />\r\n14. Cinlenmiş kişi, başına gelen bu sıkınudan kurtulur.<br />\r\n15. Hamile kadın kolayca doğum yapar.</p>\r\n\r\n<p><strong>Yukarıda zikredilen muratların husul&uuml; i&ccedil;in şu terkip uygulanır:</strong><br />\r\nBir ukiyye (119 gram) halis zeytinyağı beyaz bir cam kaba,o kap da k&uuml;&ccedil;&uuml;k bir k&uuml;p&uuml;n i&ccedil;ine konularak, evin ya da bulunduğu yerin kıble duvarının &ouml;n&uuml;ne konulur.<br />\r\nBununla beraber g&uuml;nn&uuml;k (g&uuml;nl&uuml;k) buhuru yakılır ve buna cavi (benjamin) bitkisi ve kişniş yaprağı da katılırsa daha g&uuml;zel olur.Zira beyaz g&uuml;nn&uuml;k (g&uuml;nl&uuml;k) evliya ve salihlerin amberidir.<br />\r\nBu buhurlar da yakılırsa icabet-i ervah tarafından tesiri (ruhanilerin maksatların husul&uuml; i&ccedil;in devreye girmeleri) &ccedil;abuk olur.<br />\r\nSonra (2 rekat) (hacetin husul&uuml; i&ccedil;in hacet namazı) kılınıp sevabı Rasul&uuml;llah (Sallallahu Aleyhi ve Sellem)&rsquo;e , Ehl-i Beyti&#39;ne, sahabesine ve dostlarına hediye olarak bağışlanır.<br />\r\nBunların ardından kıbleye m&uuml;teveccih (y&ouml;nelmiş) olarak,i&ccedil;inde zeytinyağının bulunduğu kabın mevcut olduğu k&uuml;&ccedil;&uuml;k k&uuml;p&uuml;n &uuml;zerine el konularak, İsm-i Azam mesabesinde olan bu<br />\r\nsalevat-ı şerife (1000 kere) okunur.Kıraat tamamlanınca yine (2 rekat) Allah rızası i&ccedil;in namaz kılınıp keza sevabı Rasul&uuml;llah (Sallallahu Aleyhi ve Sellem)&rsquo;e, Ehl-i Beyti&#39;ne, sahabesine ve dostlarına hediye edilir.<br />\r\nBu vazifeler biter bitmez oracıkta zeytinyağından bir miktar yenilir ve yine aynı mahalde tutulan bu zeytinyağından(o g&uuml;nle beraber toplam 3 g&uuml;n olmak &uuml;zere)2 g&uuml;n daha ya da daha fazla s&uuml;reyle yenilirse, hacet sahibinin muradı hasıl olur ve bir&ccedil;ok faydaya nail olur.</p>\r\n\r\n<p>(Yusuf ibn&uuml; İsma&#39;il en-Nebhani, Se&#39;adet&uuml;&#39;d-dareyn fi&#39;s-salati &#39;ala<br />\r\nSeyyidi&#39;l-Kevneyn Sallallahu Aleyhi ve Sellem, Sh: 316-318)</p>\r\n', '', 1, 1, 16, '2023-01-21 14:53:54', '2023-01-25 08:20:57', 13),
(3, 'Ismi Azam Duası Okunuşu', 'ismi-azam-duasi-okunushu', '#ismi-azam #dua #hacet', '<p>Bismillahirrahmanirrahim</p>\r\n\r\n<p>&quot;All&acirc;h&uuml;mme inni es&#39;el&uuml;ke bi-enni leke&#39;l-hamd&uuml; l&acirc; ilahe ill&acirc; ente&#39;l-Menn&acirc;n&uuml;,y&acirc; Hannan&uuml;,y&acirc; Mennan&uuml;,ya Bedi&#39;as-sem&acirc;v&acirc;ti ve&#39;l-ard,Y&acirc; zel celali vel ikram.&quot;Ya Hayyu,Ya Kayy&ucirc;m.L&acirc; il&acirc;he ill&acirc; ente s&uuml;bhaneke inni k&uuml;nt&uuml; minez zalimin..All&acirc;h&uuml;mme inni es&#39;el&uuml;ke bi-enni eşhed&uuml; enneke ente&#39;l-l&acirc;h&uuml; l&acirc; ilahe ill&acirc; ente&#39;l-Ehad&uuml;&#39;s-Samed&uuml;llezi lem-yelid,ve lem y&uuml;led,ve lem yek&ucirc;n leh&uuml; k&uuml;fuven Ehad.Elif L&acirc;m Mim,All&acirc;h&uuml; l&acirc; il&acirc;he ill&acirc; H&uuml;ve&#39;l-Hayyu&#39;l-Kayy&ucirc;m.Ve il&acirc;h&uuml;k&uuml;m il&acirc;h&uuml;n Vahid&uuml;n l&acirc; il&acirc;he ill&acirc; H&uuml;ve&#39;r-Rahman&uuml;&#39;r-Rahim.Y&acirc; zel cel&acirc;li vel ikram.Y&acirc; Erhame&#39;r-Rahimin.All&acirc;h&uuml;mme inni es-el&uuml;ke bi-enneke ente&#39;l-lahu l&acirc; ilahe,ill&acirc; entelV&acirc;hid&uuml;l-Ehad&uuml;l Ferd&uuml;s Samed&uuml;llezi lem yelid ve lem y&uuml;led,ve lem yek&uuml;n leh&uuml; k&uuml;f&uuml;ven Ehad.L&acirc; İl&acirc;he ill&acirc;llahu vahdeh&uuml; l&acirc; şerike leh,leh&uuml;&#39;l m&uuml;k&uuml; ve leh&uuml;l hamd&uuml; ve H&uuml;ve ala k&uuml;lli şey&#39;in Kadir.L&acirc; il&acirc;he illallahu ve l&acirc; havleve la kuvvete ill&acirc; billahil Aliyyil Azim.Es-el&uuml;ke bismike&#39;l-e&#39;azze&#39;l-ecelli&#39;l-ekrem.Rabbi,Rabbi,Rabbi, Ya Rabbi,Ya Rabbi,ya Rabbi.L&acirc; il&acirc;heillallahu Vahdehu l&acirc; şerike leh,leh&uuml;l m&uuml;lk&uuml; ve leh&uuml;l hamd&uuml; ve H&uuml;ve al&acirc; k&uuml;lli şey&#39;in Kadir.Elhamd&uuml;li&#39;ll&acirc;hi ve S&uuml;bhan-Allahi ve&#39;l-hamd&uuml;lllahi ve l&acirc; il&acirc;he ill&acirc;llahu v&#39;Allahhu Ekber,ve l&acirc; havle ve l&acirc; kuvvete ill&acirc; bill&acirc;hi&#39;l-Aliyyi&#39;l-Azim.&quot;</p>\r\n\r\n<p><img alt=\"\" src=\"https://i4.hurimg.com/i/hurriyet/75/770x0/5df88d3a7af507185cf3b514.jpg\" style=\"width: 770px; height: 563px;\" /></p>\r\n\r\n<p><strong>İsmi Azam Duası T&uuml;rk&ccedil;e Anlamı</strong></p>\r\n\r\n<p>&quot;Allah&#39;tan başka ilah yoktur. Ancak, Celil ve Cebbar olan O&#39;dur. O&#39;ndan başka ilah yoktur. Ancak b&uuml;t&uuml;n kullarının hallerine vakıf olan ve kusurlarını &ouml;rtbas edendir. Allah&#39;tan başka ilah yoktur. Gece ile g&uuml;nd&uuml;z&uuml; halk eden O&#39;dur. Allah&#39;tan başka ilah yoktur. Tektir, şeriki yoktur, tektir ve birdir. Biz O&#39;na hamd&uuml; sena ederiz. Allah&#39;tan başka ilah yoktur. Ancak O vardır, tektir, ortağı yoktur. Tek bir Allah&#39;tır. Biz O&#39;na ibadet ederiz. Allah&#39;tan başka ilah yoktur. Ancak O vardır, tektir ve ortağı yoktur. Tek bir ilahtır. Bizler O&#39;na ş&uuml;krederiz. Allah&#39;tan başka ilah yoktur. Allah tektir, ortağı yoktur, Muhammed O&#39;nun Resu&uuml;&#39;d&uuml;r. Hay ve Kayyum O&#39;dur. Allah&#39;ın rahmeti mahlukatının en hayırlısı olan Muhammedin al ve ashabının ve hepsinin &uuml;zerine olsun. Şehadet ederim ki Sen hem Rabbimiz ve hem de Halikimizsin. Allah&#39;ım, beni mağfiret eyle, ey Allah, ey Allah, ey Allah Rahmetinle beni yarlığa Zira, Sen merhamet edenlerin en merhametlisisin.&quot;</p>\r\n\r\n<p>&nbsp;</p>\r\n\r\n<p><iframe allow=\"accelerometer; autoplay; clipboard-write; encrypted-media; gyroscope; picture-in-picture; web-share\" allowfullscreen=\"\" frameborder=\"0\" height=\"315\" src=\"https://www.youtube.com/embed/A2fDhuVs_98\" title=\"YouTube video player\" width=\"560\"></iframe></p>\r\n\r\n<p><strong>&quot;Hz. Peygamber (s.a.s.), bir g&uuml;n camiye girdi. Bir sahab&icirc; namaz kılıyordu. Bu sahab&icirc; namazdan sonra ş&ouml;yle diyerek dua etmeye başladı:</strong></p>\r\n\r\n<p>(Allah&#39;ım! Her t&uuml;rl&uuml; &ouml;vg&uuml; sana mahsustur. Senden başka ilah yoktur. (Sen), Menn&acirc;nsın (&Ccedil;ok nimet veren), g&ouml;kleri ve yeri yokken v&acirc;r edensin, cel&acirc;l ve ikram sahibisin. Ey yaşayan, diri, canlı, &ouml;l&uuml;ms&uuml;z, ezel&icirc; ve ebed&icirc; olan, zatı ile k&acirc;im olan, her şeyin varlığı kendisine bağlı olan, uykusu ve uyuklaması olmayan, varlıkları y&ouml;neten, koruyan ve ihtiya&ccedil;larını &uuml;stlenen Allah&#39;ım! c&uuml;mleleri ile sana dua ediyor, senden talepte bulunuyorum). Bu duayı işiten Peygamber (s.a.s.), &#39;Bu kimse, Allah&#39;ın İsm-i &Acirc;zam&#39;ı ile dua etti ki İsm-i &Acirc;z&acirc;m ile dua edildiğinde, Allah bu duayı kabul eder ve bu isimle istenince verir&#39; buyurdu.&quot; (Tirmiz&icirc;, Deav&acirc;t, 112; İbn M&acirc;ce, Dua, 9; Nes&acirc;&icirc;, Sehv, 58).</p>\r\n\r\n<p><strong>Duanın &ouml;ne &ccedil;ıkan faziletlerini ş&ouml;yle sayabiliriz;</strong></p>\r\n\r\n<p>1 - Her vakit namazından sonra bu duayı 111 kere okumaya devam ederseniz, Allah size sır kapılarını a&ccedil;acaktır. T&uuml;m m&uuml;lk, mahlukat ve meleklere vakıf olursunuz.</p>\r\n\r\n<p>2 - Savaş esnasında ve d&uuml;şmanınızın yanında okuduğunuzda, galip gelirsiniz. D&uuml;şmanınız imana gelir ve ondan hayır g&ouml;r&uuml;rs&uuml;n&uuml;z.</p>\r\n\r\n<p>&nbsp;3 - işyerinde okursanız, idarecilerle ilişkileriniz olumlu ilerler. Herhangi bir cezai işlem ve yaptırıma uğramazsınız.</p>\r\n\r\n<p>4 - Salih amel besleyerek ve iyi niyetle bir i&ccedil;eceğe bu duayı okuyup, istediğiniz kişiye i&ccedil;irebilirsiniz. İ&ccedil;en kişi size karşı muhabbet besleyecektir.</p>\r\n\r\n<p>&nbsp;5 - duayı bir kağıda yazıp, evinize veya işyerinize asabilirsiniz. Evinize ya da işyerinize gelen kişiler size muhabbet besleyecek, iyi niyetle yaklaşacaktır. İstediğiniz bir kişiyle aranızın iyi olmasını istiyorsanız, duanın altına o kişinin adını yazabilirsiniz.</p>\r\n\r\n<p>&nbsp;6 - Duanızda Allah&rsquo;ın isimlerini s&ouml;ylediğinizden imanınız artacak ve sevap kazanacaksınız.&nbsp;Duanın orijinali Arap&ccedil;adır. Dua sekiz satırdan oluşuyor. Arap&ccedil;a biliyorsanız rahatlıkla okuyabilirsiniz. Sadece Kuran harflerini biliyorsanız da duayı Arap&ccedil;a okuyabilirsiniz. İsterseniz ezberleyip, namazlardan sonra veya istediğiniz vakitte ezberden okuyabilirsiniz.&nbsp;D&uuml;nyevi meselelerden ve konulardan uzak bir şekilde, tam bir teslimiyet i&ccedil;inde sessiz bir ortamda duanızı okumaya &ouml;zen g&ouml;stermelisiniz.</p>\r\n\r\n<p>&nbsp;</p>\r\n', '', 1, 1, 7, '2023-01-21 16:10:02', '2023-01-25 08:20:52', 14),
(4, 'Ismi Azam - en güçlü dua', 'ismi-azam-en-guclu-dua', '#ismi-azam #dua #hacet', '<p><strong>En etkili ve en g&uuml;&ccedil;l&uuml; ismi azam duası</strong></p>\r\n\r\n<p><strong>Hadid suresinin başından 6 ayet haşr suresinin sonundan 4 ayet</strong></p>\r\n\r\n<p>Bismillahirrahm&acirc;nirrah&icirc;m</p>\r\n\r\n<p>1.&nbsp;&nbsp; &nbsp;Sebbeha lillahi ma fiyssemavati velardı ve huvel&#39;aziyzulhakiymu.<br />\r\n2.&nbsp;&nbsp; &nbsp;Lehu mulkussemavati vel&#39;ardı yuhyiy ve yumiytu ve huve &#39;ala kulli şey&#39;in kadiyrun.<br />\r\n3.&nbsp;&nbsp; &nbsp;Huvel&#39;evvelu vel&#39;ahıru vezzahiru velbatınu ve huve bikulli şey&#39;in &#39;aliymun.<br />\r\n4.&nbsp;&nbsp; &nbsp;Huvelleziy halekassemavati vel&#39;arda fiy sitteti eyyamin summesteva &#39;alel&#39;arşi ya&#39;lemu ma yelicu fiylardı ve ma yahrucu minha ve ma yenzilu minessemai ve ma ya&#39;rucu fiyha ve huve me&#39;akum eyne ma kuntum vallahu bima ta&#39;melune besıyrun.<br />\r\n5.&nbsp;&nbsp; &nbsp;Lehu mulkussemavati vel&#39;ardı ve ilellahi turce&#39;ul&#39;umuru.<br />\r\n6.&nbsp;&nbsp; &nbsp;Yuliculleyle fiynnehari ve yulicunnehare fiylleyli ve huve &#39;aleymun bizatissuduri.</p>\r\n\r\n<p>21.&nbsp;&nbsp; &nbsp;Lev enzelna hazelkur&#39;ane &#39;ala cebelin lereeytehu haşi&#39;an mutesaddi &#39;an min haşyetillahi ve tilkel&#39;emsalu nadribuha linnasi le&#39;allehum yetefekkerune.<br />\r\n22.&nbsp;&nbsp; &nbsp;Huvallahulleziy la ilahe illa huve &#39;alimulğaybi veşşehadeti huverrahmanurrahıymu.<br />\r\n23.&nbsp;&nbsp; &nbsp;Huvallahulleziy la ilahe illa huve elmelikulkuddususselamul mu&#39;minul muheyminul &#39;aziyzul cebbarul mutekebbiru subhanallahi &#39;amma yuşrikune.<br />\r\n24.&nbsp;&nbsp; &nbsp;Huvallahul halikul - bariy-ulmusavviru lehum&#39;esma ulhusna yusebbihu lehu ma fiyssemavati vel&#39;ardı. Ve huvel&#39;aziyzulhakiymu.</p>\r\n\r\n<p><strong>&ldquo;Ya men h&uuml;ve hakeza, es&rsquo;elike bi hakkı hazıhil esmai en t&uuml;salliye ala muhammedin ve ali muhammedin ve en tef&rsquo;ale bi</strong></p>\r\n\r\n<p>&nbsp;</p>\r\n\r\n<p><iframe allow=\"accelerometer; autoplay; clipboard-write; encrypted-media; gyroscope; picture-in-picture; web-share\" allowfullscreen=\"\" frameborder=\"0\" height=\"315\" src=\"https://www.youtube.com/embed/Muliiqns_24\" title=\"YouTube video player\" width=\"560\"></iframe></p>\r\n\r\n<p>1.&nbsp;&nbsp; &nbsp;G&ouml;klerdeki ve yerdeki her şey Allah&#39;ı tespih etmektedir. O, mutlak g&uuml;&ccedil; sahibidir, h&uuml;k&uuml;m ve hikmet sahibidir.<br />\r\n2.&nbsp;&nbsp; &nbsp;G&ouml;klerin ve yerin h&uuml;k&uuml;mranlığı yalnızca O&#39;nundur. Diriltir, &ouml;ld&uuml;r&uuml;r. O her şeye hakkıyla g&uuml;c&uuml; yetendir.<br />\r\n3.&nbsp;&nbsp; &nbsp;O, ilk ve sondur. Z&acirc;hir ve B&acirc;tın&#39;dır. O, her şeyi hakkıyla bilendir.<br />\r\n4.&nbsp;&nbsp; &nbsp;O, g&ouml;kleri ve yeri altı g&uuml;nde (altı evrede) yaratan, sonra Arş&#39;a kurulandır. Yere gireni, ondan &ccedil;ıkanı, g&ouml;kten ineni, oraya y&uuml;kseleni bilir. Nerede olsanız, O sizinle beraberdir. Allah b&uuml;t&uuml;n yaptıklarınızı hakkıyla g&ouml;rendir.<br />\r\n5.&nbsp;&nbsp; &nbsp;G&ouml;klerin ve yerin h&uuml;k&uuml;mranlığı O&#39;nundur. B&uuml;t&uuml;n işler ancak ona d&ouml;nd&uuml;r&uuml;l&uuml;r.<br />\r\n6.&nbsp;&nbsp; &nbsp;Geceyi g&uuml;nd&uuml;ze sokar, g&uuml;nd&uuml;z&uuml; de geceye sokar. O, g&ouml;ğ&uuml;slerin &ouml;z&uuml;n&uuml; (kalplerde olanı) hakkıyla bilendir.</p>\r\n\r\n<p>22.&nbsp;&nbsp; &nbsp;O, kendisinden başka hi&ccedil;bir ilah olmayan Allah&#39;tır. Gaybı da, g&ouml;r&uuml;nen &acirc;lemi de bilendir. O, Rahm&acirc;n&#39;dır, Rah&icirc;m&#39;dir.<br />\r\n23.&nbsp;&nbsp; &nbsp;O, kendisinden başka hi&ccedil;bir ilah bulunmayan Allah&#39;tır. O, m&uuml;lk&uuml;n ger&ccedil;ek sahibi, kutsal (her t&uuml;rl&uuml; eksiklikten uzak), barış ve esenliğin kaynağı, g&uuml;venlik veren, g&ouml;zetip koruyan, mutlak g&uuml;&ccedil; sahibi, d&uuml;zeltip ıslah eden ve dilediğini yaptıran ve b&uuml;y&uuml;kl&uuml;kte eşsiz olan Allah&#39;tır. Allah, onların ortak koştuklarından uzaktır.<br />\r\n24.&nbsp;&nbsp; &nbsp;O, yaratan, yoktan var eden, şekil veren Allah&#39;tır. G&uuml;zel isimler O&#39;nundur. G&ouml;klerdeki ve yerdeki her şey O&#39;nu tesbih eder. O, mutlak g&uuml;&ccedil; sahibidir, h&uuml;k&uuml;m ve hikmet sahibidir.</p>\r\n', '', 1, 1, 5, '2023-01-21 16:29:35', '2023-01-25 08:20:51', 14),
(5, 'Seyyidül İstiğfar', 'seyyidul-聴stigfar', '#tevbe #dua', '<p>Kuran&rsquo;da M&uuml;min suresinin 60. ayetinde &ldquo;bana dua edin, size icabet edeyim.&rdquo; Buyrulmuştur. Bakara suresinin 222. ayetinde de &ldquo;Allah, &ccedil;ok tevbe edenleri ve temizlenenleri kabul eder.&rdquo; Buyruluyor.&nbsp;Bu nedenle, &ldquo;benim g&uuml;nahım b&uuml;y&uuml;k, Allah affetmez&rdquo;, kuşkusuna kapılmayın. G&uuml;nahınızdan tevbe ederek, bol bol istiğfar duası edersiniz, imanınız kuvvetlenecek, ibadet sevabı kazanacaksınız.</p>\r\n\r\n<p><strong>Seyyid&uuml;l İstiğfar Duası T&uuml;rk&ccedil;e Okunuşu</strong></p>\r\n\r\n<p><strong>Bismillahirrahm&acirc;nirrah&icirc;m</strong></p>\r\n\r\n<p><strong>Allah&uuml;mme ente Rabb&icirc; l&acirc; ilahe ill&acirc; ente halakten&icirc; ve ene abd&uuml;ke ve ene al&acirc; ahdike ve v&acirc;&rsquo;dike mes&rsquo;tet&acirc;t&uuml; e&ucirc;z&uuml; bike min şerri m&acirc; san&acirc;t&uuml; eb&ucirc;&rsquo;&uuml; leke bi-n&icirc;metike aleyye ve eb&ucirc;&rsquo;&uuml; bizenb&icirc; fağfirl&icirc; feinneh&ucirc; l&acirc; yağfıruz-z&uuml;n&ucirc;be ill&acirc; ente.</strong></p>\r\n\r\n<p>T&ouml;vbe ve istiğfarda bulunacaksanız en &uuml;st&uuml;n ve faziletli duadır. Peygamber Efendimizin, Seyyid&uuml;l İstiğfar duasının fazileti ve &ouml;nemi &uuml;zerinde durmuştur. İsiğfarı en iyi şekilde yapmak istiyorsanız yukarıdaki şeklinde dua etmenizi buyurmuştur.</p>\r\n\r\n<p>Kısaca bu duanın meali ş&ouml;yledir; &ldquo;Ya Rabbi! İşlediğim b&uuml;t&uuml;n g&uuml;nahlarımı itiraf edip, tevbe ve istiğfar ederim. Nimetlerinin ş&uuml;kr&uuml;nden acizim. Beni affet, mağfiret eyle.&rdquo;<br />\r\n&nbsp;</p>\r\n\r\n<p><strong>Seyyid&uuml;l İstiğfar Duası Arap&ccedil;a Okunuşu</strong></p>\r\n\r\n<p>اللَّهُمَّ أَنْتَ رَبِّى ، لاَ إِلَهَ إِلاَّ أَنْتَ ، خَلَقْتَنِى وَأَنَا عَبْدُكَ ، وَأَنَا عَلَى عَهْدِكَ وَوَعْدِكَ مَا اسْتَطَعْتُ ، أَعُوذُ بِكَ مِنْ شَرِّ مَا صَنَعْتُ ، أَبُوءُ لَكَ بِنِعْمَتِكَ عَلَىَّ وَأَبُوءُ بِذَنْبِى ، اغْفِرْ لِى ، فَإِنَّهُ لاَ يَغْفِرُ الذُّنُوبَ إِلاَّ أَنْتَ</p>\r\n\r\n<p><strong>Seyyid&uuml;l İstiğfar T&uuml;rk&ccedil;e Anlamı ve Meali</strong></p>\r\n\r\n<p>Diğer dualar gibi, tevbe-istiğfar duası da Arap&ccedil;a yazılmıştır. Fakat duanızı mutlaka Arap&ccedil;a okuyacak ve s&ouml;yleyeceksiniz diye bir şart bulunmuyor. Duanızı T&uuml;rk&ccedil;e de yapabilirsiniz.</p>\r\n\r\n<p>&quot;Allah&rsquo;ım! Sen benim Rabbimsin! Senden başka hi&ccedil;bir il&acirc;h yoktur. Beni sen yarattın. Ben Senin kulunum; g&uuml;c&uuml;m yettiği kadarıyla Senin ahdin ve va&rsquo;din &uuml;zere bulunuyorum. Yaptığım fenalıkların şerrinden Sana sığınırım. &Uuml;zerimde olan nimetlerini itiraf ederim; g&uuml;nahımı da itiraf ederim. Beni bağışla; &ccedil;&uuml;nk&uuml; Senden başka hi&ccedil;bir kimse g&uuml;nahları bağışlamaz.) (Buh&acirc;r&icirc;, Deav&acirc;t, 2)&quot;</p>\r\n\r\n<p>Duayı Arap&ccedil;a s&ouml;ylemekte zorluk &ccedil;ekiyorsanız veya yanlış yapmaktan korkuyorsanız, T&uuml;rk&ccedil;e mealini okuyabilirsiniz. Bir kağıda yazıp ya da cep telefonunuza indirip, istediğiniz zaman okuyabilirsiniz.</p>\r\n\r\n<p><strong>Seyyid&uuml;l İstiğfar Duasının Fazileti</strong></p>\r\n\r\n<p>Peygamber Efendimiz, Seyyid&uuml;l İstiğfar duasının faziletini şu s&ouml;zleriyle belirtmiştir; &ldquo;Kim, seyyid&uuml;l istiğfar duasının faziletine inanarak g&uuml;nd&uuml;z okursa, gece olmadan &ouml;ld&uuml;ğ&uuml;nde cennetlik olur. Aynı şekilde gece okuyup, sabah olmadan &ouml;l&uuml;rse yine cennetlik olur.&rdquo;</p>\r\n\r\n<p>Bu duayı anlamına ve faziletine inanarak okumaya devam ederseniz, g&uuml;nahlardan arınıyorsunuz. İbadet sevabı kazanıyor, melekler sizin i&ccedil;in dua ediyor. Bilerek veya bilmeyerek işlediğiniz g&uuml;nahlarınız i&ccedil;in s&uuml;rekli af dileyip, y&uuml;k&uuml;ml&uuml;l&uuml;klerinizi yerine getirmelisiniz. Bununla birlikte seyyid&uuml;l istiğfar duasını okuduğunuzda cennetle m&uuml;jdeleniyorsunuz.</p>\r\n\r\n<p><strong>T&ouml;vbe Duası</strong></p>\r\n\r\n<p><strong>Seyyid&uuml;l İstiğfar haricinde de t&ouml;vbe duası bulunuyor. Kısa olarak okuyacağınız gibi uzun olarak okunan tevbe duası da bulunuyor. En &ccedil;ok bilinen ve okunan dua ş&ouml;yledir:</strong></p>\r\n\r\n<p><strong>&quot;Estağfirullah. Estağfirullah. Estağfirullahe&#39;l-az&icirc;m el-ker&icirc;m, ellez&icirc; l&acirc; il&acirc;he ill&acirc; h&uuml;ve&#39;l-hayy&uuml;&#39;l-kayy&ucirc;m&uuml; ve et&ucirc;b&uuml; ileyhi, tevbete abdin z&acirc;limin li-nefsih&icirc;, l&acirc; yemlik&uuml; li-nefsih&icirc; mevten vel&acirc; hay&acirc;ten vel&acirc; n&uuml;ş&ucirc;r&acirc;. Ve es-el&uuml;h&uuml;&#39;t-tevbete ve&#39;l-mağfirete ve&#39;l-hid&acirc;yete len&acirc;, inneh&ucirc;, h&uuml;ve&#39;t-tevv&acirc;b&uuml;&#39;r-rah&icirc;m.&quot;.</strong></p>\r\n\r\n<p><strong>İsterseniz bu uzun t&ouml;vbe duasının yerine, bu duanın ilk c&uuml;mlesini de okuyabilirsiniz. Tevbe duasının yanı sıra Kuran&rsquo;de bulunan Tevbe suresi de vardır. Namazlarınızda ve dualarınızda bu s&uuml;reyi de sık sık okuyabilirsiniz.</strong></p>\r\n\r\n<p><strong>Peygamber Efendimizden nakledildiğine g&ouml;re; &ldquo; kim Tevbe suresini okumaya devam ederse, kıyamet g&uuml;n&uuml;nde ona şefaat&ccedil;i olacağı&rdquo; buyrulmuştur. Tevbe suresini okuyan kişi, m&uuml;nafıklıktan uzak durur, melekler, o kişiye &ouml;lene kadar istiğfarda bulunurlar.</strong></p>\r\n', '', 1, 1, 3, '2023-01-21 16:39:35', '2023-01-25 08:20:50', 15),
(6, 'Yunus Aleyhi ve Sellemın Ismi Azam duası', 'yunus-aleyhi-ve-sellemin-ismi-azam-duasi', '#ismi-azam #dua #hacet', '<p>Her kim bu duayı Hz. Yunus gibi g&ouml;n&uuml;lden okursa, hissettiği sıkıntılardan ve kederden kurtulacağı d&uuml;ş&uuml;n&uuml;lmektedir. Aynı şekilde i&ccedil;inde bulunulan k&ouml;t&uuml; durumlardan kurtulmak i&ccedil;in de bu duaya başvurulabilir.</p>\r\n\r\n<p><strong>ilahe illa ente s&uuml;bhaneke innı k&uuml;nt&uuml; minez zalimin</strong></p>\r\n\r\n<p>Bir hadise g&ouml;r Hz Muhammed bu duayı 40 kere okuyup halini arz eden hastaların sağlıklarına kavuşacaklarına ve kendilerine şehit sevabı yazılacağını m&uuml;jdelemiştir.</p>\r\n\r\n<p>Edilecek dua ve tespihlerin anlamlarının bilinmesi, yapılacak ibadetin daha g&ouml;n&uuml;lden hissedilmesine aracı olmaktadır. Bu sebeple duaların yalnızca Arap&ccedil;a ezberlerinin yapılmaması, manalarının da bilinmesi gerekmektedir. Bu duanın manası ise; Allah&#39;ın her t&uuml;rl&uuml; noksanlıktan uzak olduğunu, Onun eşi benzerinin bulunmadığını ve kişilerin ancak kendilerine yazık edileceğinden bahsedilmektedir. Bu dua Enbiya Suresinde yer almaktadır.</p>\r\n\r\n<p><strong>ayet - 87</strong></p>\r\n\r\n<p><strong>Z&uuml;&#39;n-Nun&#39;u/Yunus&#39;u da hatırla! O, &ouml;fkeli bir halde ge&ccedil;ip gitmişti; bizim kendisini asla sıkıştırmayacağımızı zannetmişti. Nihayet karanlıklar i&ccedil;inde, &quot;Senden başka hi&ccedil;bir tanrı yoktur. Seni tenzih ederim. Ger&ccedil;ekten ben zalimlerden oldum&quot; diye yalvardı.</strong></p>\r\n\r\n<p>&nbsp;</p>\r\n\r\n<p><iframe allow=\"accelerometer; autoplay; clipboard-write; encrypted-media; gyroscope; picture-in-picture; web-share\" allowfullscreen=\"\" frameborder=\"0\" height=\"315\" src=\"https://www.youtube.com/embed/Bc33vXUVeJg\" title=\"YouTube video player\" width=\"560\"></iframe></p>\r\n', '', 1, 1, 6, '2023-01-21 16:55:04', '2023-01-25 08:20:50', 14),
(7, 'Nur Yüzlü peygamberimiz &#039;in özellikleri...', 'nur-yuzlu-peygamberimiz-039-in-ozellikleri', '#peygamberler', '<p>Peygamber Efendimiz (sallall&acirc;hu aleyhi ve sellemin) M&uuml;barek Sarığı ...<br />\r\nNur Y&uuml;zl&uuml; peygamberimiz Hz Muhamməd (S.A.V.)&#39;in &ouml;zellikleri...<br />\r\n&bull; &Ccedil;ok konuşmazdı,<br />\r\n&bull; Daima d&uuml;ş&uuml;nceliydi,<br />\r\n&bull; K&ouml;t&uuml; s&ouml;z s&ouml;ylemezdi,<br />\r\n&bull; Kimseyle &ccedil;ekişmezdi.<br />\r\n&bull; Her zaman ağır başlıydı,<br />\r\n&bull; Boş şeylerle uğraşmazdı,<br />\r\n&bull; D&uuml;nya işleri i&ccedil;in kızmazdı,<br />\r\n&bull; L&uuml;zumsuz yere konuşmazdı,<br />\r\n&bull; Umanı umutsuzluğa d&uuml;ş&uuml;rmezdi,<br />\r\n&bull; Kimsenin kusurunu araştırmazdı,<br />\r\n&bull; Vakar ve s&uuml;kunetle rahat&ccedil;a y&uuml;r&uuml;rd&uuml;,<br />\r\n&bull; Susması konuşmasından uzun s&uuml;rerdi,<br />\r\n&bull; Ger&ccedil;eğe aykırı &ouml;vg&uuml;y&uuml; kabul etmezdi,<br />\r\n&bull; Hoşlanmadığı bir şey hakkında susardı,<br />\r\n&bull; Konuşurken &ccedil;evresindekileri adeta kuşatırdı,<br />\r\n&bull; Sıkıntılı halinde kabalaşmaz,bağırmazdı,<br />\r\n&bull; Konuşurken y&uuml;z&uuml;n&uuml; başka tarafa &ccedil;evirmezdi,<br />\r\n&bull; Sade kıyafetler giyer,g&ouml;sterişten hoşlanmazdı,<br />\r\n&bull; Kendi şahsı i&ccedil;in asla &ouml;fkelenmez ve &ouml;&ccedil; almazdı,<br />\r\n&bull; Konuştuğunda ne fazla ne de eksik s&ouml;z kullanırdı,<br />\r\n&bull; Bulunduğu mecliste ayrıcalıktı bir yere oturmazdı,<br />\r\n&bull; Sıradan değildi, ama sıradan insanlar gibi yaşardı,<br />\r\n&bull; Kapısına yardım i&ccedil;in gelen kimseyi geri &ccedil;evirmezdi,<br />\r\n&bull; Kimse hakkında hayırlı olmayan s&ouml;z&uuml; s&ouml;ylemezdi,<br />\r\n&bull; Her zaman h&uuml;z&uuml;nl&uuml; ve m&uuml;tebessim bir baletle dururdu,<br />\r\n&bull; Adet &uuml;zere sarfedilen hi&ccedil;bir k&ouml;t&uuml; s&ouml;z&uuml; ağzına almamıştı,<br />\r\n&bull; Kelimeleri parıldayan inci dizileri gibi tatlı ve berraktı,<br />\r\n&bull; Fakirlerle birlikte yerdi, &ouml;yle ki onlardan ayırt edilmezdi,<br />\r\n&bull; Y&uuml;r&uuml;rken beraberindekilerin gerisinde gerisinde y&uuml;r&uuml;rd&uuml;,<br />\r\n&bull; Yanında en son konuşanı ilk &ouml;nce konuşan gibi dikkatle dinlerdi,<br />\r\n&bull; D&uuml;şmanlarını affetmekle kalmaz,onlara şeref ve değerde verirdi,<br />\r\n&bull; Hi&ccedil; kimseyi ne y&uuml;z&uuml;ne karşı, ne de arkasından kınar ve ayıplardı,<br />\r\n&bull; Y&uuml;r&uuml;rken ayaklarını yerden canlıca kaldırır, iki yanına salınmazdı,<br />\r\n&bull; Adımlarını geniş atar,y&uuml;ksek bir yerden iner gibi &ouml;ne doğru eğilirdi,<br />\r\n&bull; Dostlarına ş&ouml;yle derdi, d&uuml;nyada garip bir kimse yahut bir yolcu gibi ol,<br />\r\n&bull; Sabahları evinden &ccedil;ıkarken ş&ouml;yle derdi: İlahi, doğru yoldan sapmaktan ve saptırmaktan,<br />\r\nkanmaktan ve kandırmaktan, haksızlık etmekten ve haksızlığa uğramaktan, saygısız etmekten ve<br />\r\nsaygısızlık edilmekten sana sığınırım.</p>\r\n\r\n<p><img alt=\"\" src=\"https://assets.hmetro.com.my/images/articles/01xxnabi1_1563330290.jpg\" style=\"width: 921px; height: 1196px;\" /></p>\r\n\r\n<p><iframe allow=\"accelerometer; autoplay; clipboard-write; encrypted-media; gyroscope; picture-in-picture; web-share\" allowfullscreen=\"\" frameborder=\"0\" height=\"315\" src=\"https://www.youtube.com/embed/3AglvGvZisY\" title=\"YouTube video player\" width=\"560\"></iframe></p>\r\n', '', 1, 1, 5, '2023-01-21 17:11:47', '2023-01-25 08:20:49', 16),
(9, '111 Kere okunan ismi Azam duası', '111-kere-okunan-ismi-azam-duasi', '#ismi-azam #dua #hacet', '<p>Bir hacetin olup yerine gelmesini istiyorsan bu ism-i şerifi okumalısın. Bu zikirler Allahu Teala&rsquo;nın Esma&uuml;l H&uuml;sna isimlerinden 11 ism-i şerifinden oluşur. Bir &ccedil;ok evliya ve b&uuml;y&uuml;k alimler i&ccedil;in ism-i azam mertebesinde bulunan bu isimler ile yapılan dua faziletli ve kabule mazhar olur.</p>\r\n\r\n<p>Bu duayı en az 11 en fazla 111 defa okuyarak her t&uuml;rl&uuml; istek ve hacet i&ccedil;in Allahu Teala&rsquo;ya el a&ccedil;ılıp dua edilir. Allah&rsquo;ın izniyle en kısa s&uuml;rede duanız kabul olur.</p>\r\n\r\n<p>11 ism-i şerif<br />\r\nEn az (11) on bir kere, en fazla (111) y&uuml;z on bir kere tekrar edildiğinde b&uuml;t&uuml;n hayırlı maksatların hasıl olacağı 11 ism-i şerif vardır ki bazı veliler bunları ehlinden bizlere nakletmişlerdir. Bu ismi şerifler şunlardır.</p>\r\n\r\n<p><strong>Arap&ccedil;a Yazılışı;&nbsp;</strong></p>\r\n\r\n<p>يَا اللَّهُ , يَا هُوَ , يَا لمَلِكُ , يَا سَمِيعُ , يَا قَدِيرُ , يَا كَرِيمُ , يَا حَلِيمُ , يَا لَطِيفُ , يَا عَلِيمُ , يَا مُعِينُ , يَا صَادِقُ</p>\r\n\r\n<p><strong>T&uuml;rk&ccedil;e Okunuşu;</strong></p>\r\n\r\n<p><strong>&ldquo;Allahu h&uuml;ve Melikun Semiy&rsquo;un Kadirun Kerimun Haliymun Latiyfun Aliymun Muiynun Sadikun&rdquo;&nbsp;</strong></p>\r\n\r\n<p>&nbsp;</p>\r\n\r\n<p><iframe allow=\"accelerometer; autoplay; clipboard-write; encrypted-media; gyroscope; picture-in-picture; web-share\" allowfullscreen=\"\" frameborder=\"0\" height=\"315\" src=\"https://www.youtube.com/embed/G_BJHL7AyBs\" title=\"YouTube video player\" width=\"560\"></iframe></p>\r\n\r\n<p>Evliyaullahın kendisine ulaşmak i&ccedil;in &ouml;m&uuml;r ve mal t&uuml;kettiği 11 ism-i şeriften m&uuml;rekkep ism-i azam</p>\r\n\r\n<p>C&uuml;bbeli Ahmet Hoca&rsquo;dan 111 Kere okunan ism-i Azam duası faziletlerini ve nasıl okunması gerektiğini bu videodan dinleyebilirsiniz.</p>\r\n\r\n<h4><strong>11 İsm-i Şerif ve Anlamları</strong></h4>\r\n\r\n<p><strong>Allah : T&uuml;m isim ve sıfatlan kendinde toplayan y&uuml;ce Allah&rsquo;ın zatının, başka hi&ccedil;bir varlığa verilemeyen ismidir.<br />\r\nHuve : Hu-O demektir. (Allah kastedilmektedir.)<br />\r\nMelik : B&uuml;t&uuml;n mevcudatın ger&ccedil;ek sahibi ve tek h&uuml;k&uuml;mdarı, s&ouml;zl&uuml;kte, sahip olmak, istila etmek, kuvvetli olmak, h&uuml;kmetmek, kontrol etmek, irade gibi anlama gelir.<br />\r\nSemi : İşiten, Gizli a&ccedil;ık her sesi işiten anlamındadır. &nbsp;O, hi&ccedil;bir şartla ve kayda bağlı olmaksızın işitir. Her şeyi işiten, kullarının niyazını kabul eden demektir.<br />\r\nKadir : Sonsuz g&uuml;&ccedil; ve kudret sahibi olan Allah anlamındadır. Her istediğini, istediği gibi, sonsuz g&uuml;&ccedil; ve kudretiyle yapan O&rsquo;dur.<br />\r\nKerim : Keremi ve c&ouml;mertliği nihayetsiz derecede bol olan, kullarına istemeden ve karşılıksız olarak veren demektir. İyilik ve ikramı bol olan Allah&rsquo;tır.<br />\r\nHalim: Yarattıklarına son derece yumuşak muamele eden, Affı, bağışlaması ve m&uuml;samahası sınırsız ve kullarına daima hoşg&ouml;r&uuml;l&uuml; davranan.<br />\r\nLatif: L&uuml;tuf &nbsp;ve keremi bol olan, l&uuml;tfeden, inayet ve ihsanı sınırsız olan. Kulun istek ve ihtiya&ccedil;larını yumuşaklıkla ve kolayca ulaştıran. En ince nasıl yapıldığı bilinmeyen işleri bilen, derinliklere ve bilinmezlere n&uuml;fuz eden. Akla hayale gelmeyen yollardan ve yerlerden kuluna nimetler ,hayırlar ve faydalar &nbsp;&ccedil;ıkaran, s&uuml;rekli l&uuml;tfeden.<br />\r\nAlim: Canlı veya &ouml;l&uuml;, k&uuml;&ccedil;&uuml;k veya b&uuml;y&uuml;k, gizli veya a&ccedil;ık, kalpte, kafada olan veya dışa vurulan şeyi en ince ayrıntısına kadar hakkıyla bilen anlamına gelir.<br />\r\nMuin : Kullarına yardım eden, nimet veren. Yardıma muhta&ccedil;lara yardım eden.<br />\r\nSadik: Haber verdiği her şeyde doğru s&ouml;yleyici. Kainatta cereyan eden b&uuml;t&uuml;n işler, olaylar ve b&uuml;t&uuml;n varlıklar vaadinden asla d&ouml;nmediğinin birer delili ve şahidi olan, ve her işi doğru, yalandan ve hileden sonsuz derece uzak olan ve s&ouml;z&uuml;n&uuml; yerine getiren demektir.</strong></p>\r\n\r\n<h4><strong>Duanın Fazileti, Faydaları ve Sırları</strong></h4>\r\n\r\n<p>Şeyh Muhammed Siba i (R.a) beyanıyla İsmi Azam kabul edilen bu on bir ismi şerifin bir&ccedil;ok hassası vardır. Bunlardan bazıları şunlardır;</p>\r\n\r\n<p>1. Ger&ccedil;ek manada veli olmak ve Allahu Teala ile &uuml;nsiyet kurmak isteyen kişi Allah i&ccedil;in ihlasla onbir g&uuml;n oru&ccedil; tutup bu sure zarfında kimseyle konuşmaz ve m&uuml;ddet tamamlanana kadar her namazın ardından bu ismi azamı 111 kere okursa Allahu Teala ona sır kapılarını a&ccedil;ar, m&uuml;lk ve melek&uuml;t&uuml; tanıtır. b&uuml;t&uuml;n mahlukatı dilediği surette evirip &ccedil;evireceği şekilde kendisi i&ccedil;in musahhar kılar.<br />\r\n2. D&uuml;nyevi makam istiyorsan 12 rekat hacet namazı kıldıktan sonra hulusu kalp ile ve d&uuml;zg&uuml;n bir niyetle bu ismi şerifi 111 kere oku ve muradına nail ol.<br />\r\n3. y&uuml;ksek makama ulaşmak i&ccedil;in bu ismi şerifi temiz bir yerde 111 kere oku. o zaman istediğin her meşru şeyi yapabilirsin.<br />\r\n4. Bir hacetin olup onun yerine gelmesini istiyorsan 111 kere okuyup muradını Allahu Teala&rsquo;dan istediğin takdirde Allahu Teala senin i&ccedil;in o hacetini g&ouml;recektir.<br />\r\n5. Bu ismi şerifi bir taş &uuml;zerine okuyup fırtınalı denize atarsan biiznillah denizin dalgaları sukunete erişir ve b&ouml;ylece kimse boğulmaz.<br />\r\n6. Bu ismi şerifi 111 kere (Arap&ccedil;a Harfleriyle)yazıp &uuml;zerinde taşırsan hi&ccedil; bir silah tesir etmez.<br />\r\n7. bu ismi şerifi 11 kere okuyup birini &ccedil;ağırırsan davetine icabet eder.<br />\r\n8. bu ismi şerifi d&uuml;şmanlarının yanında okuyan kişi hasmına galip gelir ve ondan ancak hayır g&ouml;r&uuml;r.<br />\r\n9. Bu ismi şerifi y&ouml;neticinin huzurunda okuyan kişiye karşı o amirin &ouml;fkesi diner, kendisi hakkında hangi t&uuml;r ceza kesinleşmişse bile o y&ouml;netici tarafından o ceza kaldırılır.<br />\r\n10. Bu ismi şerifi sancak &uuml;zerine okunursa o asker bozguna uğramaz.</p>\r\n', '', 1, 1, 3, '2023-01-21 17:37:58', '2023-01-25 08:20:42', 14);
INSERT INTO `article` (`article_id`, `article_title`, `article_slug`, `article_keyword`, `article_text`, `article_code`, `article_status`, `article_key`, `article_view`, `article_created`, `article_updated`, `category_id`) VALUES
(14, 'Salavat-ı Beşairul Hayrat', 'salavat-i-beshairul-hayrat', '#salavat #hacet', '<h2><strong>FAZİLETİ</strong></h2>\r\n\r\n<p>Rahman ve Rahim olan Allah&rsquo;ın Adıyla</p>\r\n\r\n<p>İslam ve iman nimetini bize ihsan eden Allah&rsquo;a ş&uuml;k&uuml;rler olsun.<br />\r\nAziz ve Celil olan Allah, Peygamberimiz Muhammed sallallahu<br />\r\naleyhi ve selleme, ailesine ve ashabına her an salat ve selam<br />\r\neylesin.</p>\r\n\r\n<p>Rivayet olunmuştur ki, &uuml;mmetin şeyhi ve imamların imamı,<br />\r\nasillerin seyyidi, kutubların kutbu Gavsu&rsquo;l Azam Abd&uuml;lkadir<br />\r\nGeylani Hazretleri (Allah ondan razı olsun) bazı tarikat<br />\r\nihvanlarına ş&ouml;yle buyurmuşlardır:</p>\r\n\r\n<p>Size a&ccedil;ıklayacağım bu salavatı şerifeyi benden alınız. Zira ben<br />\r\nilham yoluyla bizzat Aziz ve Celil olan Allah&rsquo;tan aldım. Sonra<br />\r\nPeygamber Efendimiz sallallahu aleyhi ve selleme arz eyledim ve<br />\r\nfaziletinden sual etmek istedim. Ancak daha sualimi sormadan<br />\r\n&ouml;nce buyurdular ki:&nbsp;</p>\r\n\r\n<p>Bu salavatı şerifenin b&uuml;y&uuml;k faziletlerini saymak imk&acirc;nsızdır.<br />\r\nŞ&ouml;yle ki, m&uuml;davimlerini y&uuml;ksek derecelere ve ulaşmak istedikleri<br />\r\ngayelere eriştirir. Meşru olan isteklerine nail olurlar ve dualarını<br />\r\nkabule şayan eyler. Bu salatı okuyan ve orada bulunanlar<br />\r\nmağfiret olunur. Eceli gelince rahmet meleklerinden d&ouml;rd&uuml;<br />\r\nzuhur eder. Birincisi lanetlenmiş şeytanın tasallutuna engel olur.<br />\r\nİkincisi kelime-i şehadeti kalbine ilham eder. &Uuml;&ccedil;&uuml;nc&uuml;s&uuml; Kevser<br />\r\nsuyundan i&ccedil;irir. D&ouml;rd&uuml;nc&uuml;s&uuml;, elinde bulunan altından bir tabak<br />\r\ni&ccedil;indeki cennet meyvelerini sunar ve m&uuml;jdeler. Makamını<br />\r\ng&ouml;rmesi i&ccedil;in g&ouml;z&uuml;n&uuml; a&ccedil;ıp bakmasını emreder. Cennetteki<br />\r\nmakamını, ruhu bedeninden ayrılmadan &ouml;nce g&ouml;z&uuml;yle g&ouml;r&uuml;r.</p>\r\n\r\n<p>Memnun ve sevin&ccedil;li olarak kabrine girer. Korkmaz ve yalnızlık<br />\r\n&ccedil;ekmez. Rahmet kapıları a&ccedil;ılır, nurlar sa&ccedil;ılır. Kıyamet g&uuml;n&uuml;nde,<br />\r\nsağında ve solunda yer alan melekler vasıtasıyla m&uuml;jdelenir ve<br />\r\ng&uuml;ven i&ccedil;inde olur. Kıymetli elbiseler giydirilir. Asil ve değerli<br />\r\natlara bindirilir. Hasret ve pişmanlık yaşamaz, hesabı da<br />\r\nkolaylıkla g&ouml;r&uuml;l&uuml;r.&nbsp;</p>\r\n\r\n<p>Sırat&rsquo;tan ge&ccedil;erken ateşin dile gelerek s&ouml;ylediği &ldquo;Ge&ccedil;, ey Allah<br />\r\nTe&acirc;l&acirc;&rsquo;nın azad edilmiş kulu! Ben sana haram kılındım&rdquo; s&ouml;z&uuml;n&uuml;<br />\r\nişitir ve &ouml;nceden cennete girenlerle beraber cennete girer.<br />\r\nG&uuml;m&uuml;şten kubbelere, altından saraylara, nurdan dokunmuş<br />\r\n&ccedil;adırlara, adeta bir dolunaya benzeyen g&ouml;z kamaştırıcı<br />\r\ng&uuml;zellikteki hurilere; velhasıl g&ouml;r&uuml;lmeyen, işitilmeyen, akla bile<br />\r\ngelmeyen nimetlere nail olur</p>\r\n\r\n<p>Zira Fahr-i &Acirc;lem sallallahu aleyhi ve sellemden ş&ouml;yle rivayet<br />\r\nolunmuştur:&nbsp;</p>\r\n\r\n<p>Mira&ccedil; gecesinde, Aziz ve Celil olan Allah, &ldquo;Ya Muhammed!<br />\r\nYery&uuml;z&uuml;, g&ouml;ky&uuml;z&uuml; ve K&uuml;rsi kimindir?&rdquo; sualini sorduğunda, cevap<br />\r\nolarak &ldquo;Senindir ya Rabbi&rdquo; demiş. Tekrar, &ldquo;Sen kiminsin ya<br />\r\nMuhammed?&rdquo; buyurunca, Efendimiz sallallahu aleyhi ve sellem<br />\r\ncevap vermekten hay&acirc; ederek hemen secdeye kapanmış ve bir<br />\r\nşey s&ouml;ylememiş ise de, Aziz ve Celil olan Allah, &ldquo;Sen, bu salavatı<br />\r\nokuyan kullarımınsın&rdquo; diye cevap vererek b&uuml;y&uuml;k ihsan ve l&uuml;tufta<br />\r\nbulunmuştur.&nbsp;</p>\r\n\r\n<p>Ayrıca bu s&ouml;ze ilave olarak, Abd&uuml;lkadir Geylani Hazretleri<br />\r\n(kuddise sırruh&ucirc;) ş&ouml;yle buyurmuşlardır:&nbsp;</p>\r\n\r\n<p>B&uuml;y&uuml;k ilahi nimetleri bir araya getiren bu salat ve selamın<br />\r\nkıraatine devam eden &uuml;mmetin bahtiyarları i&ccedil;in, rahmet kapıları<br />\r\nve hikmet yolları a&ccedil;ılır. Tam bir ihlas ve kalp huzuruyla yapılan<br />\r\nbir tilavet; k&ouml;leleri azad etmekten, develeri kurban etmekten,<br />\r\nak&ccedil;eleri tasadduk etmekten ve ay ve g&uuml;nleri oru&ccedil;la ge&ccedil;irmekten<br />\r\ndaha faziletlidir. Rızıklar kolaylaşır, ahlaklar g&uuml;zelleşir, hacetler<br />\r\ngiderilir.&nbsp;</p>\r\n\r\n<p>Dereceler y&uuml;kseltilir, g&uuml;nahlar affolunur, ayıplar &ouml;rt&uuml;l&uuml;r.<br />\r\nZilletlerin defedilmesi ve izzetlerin toplanması hususlarında<br />\r\nb&uuml;y&uuml;k bir faydası vardır.</p>\r\n\r\n<p>Mekinuddin Hazretlerinin (kuddise sırruh&ucirc;) buyurmuş oldukları<br />\r\ngibi, bu salavatı şerifenin y&uuml;ksek faziletleri ve b&uuml;y&uuml;k ihsanları<br />\r\nnazarı itibara alınarak, ilahi l&uuml;tuflara eren salih ve k&acirc;mil kişiler<br />\r\ndışındakilere talim olunmamalıdır. Bu gibi zatların lisanından<br />\r\nsadır olan salavatı şerifenin bir kere okunması bile hacetlerin<br />\r\ngiderilmesi i&ccedil;in bir vesile olur. Ayrıca bu salavatı şerifedeki her<br />\r\nbir ayet-i kerime de Aziz ve Celil olan Allah&rsquo;ın indinde şefaat<br />\r\nedici olur.&nbsp;</p>\r\n\r\n<p>Bu salat ve selam, zikir ve taat ehlinin tilaveti, nasihat alanların<br />\r\nmevizası ve Cenabı Hakk&rsquo;a ulaşmaya &ccedil;alışanların vesilesidir.<br />\r\nKur&rsquo;an-ı Kerim&rsquo;den alınmış (Kur&rsquo;an-ı az&icirc;min bir salavat-ı<br />\r\nşerifesidir) ve &ldquo;Beşairu&rsquo;l Hayrat&rdquo; (Hayırların M&uuml;jdeleri) ismi ile<br />\r\nisimlendirilmiştir.</p>\r\n\r\n<h2><strong>OKUNUŞ</strong></h2>\r\n\r\n<p>Bismillahirrahmanirrahim</p>\r\n\r\n<p>Elhamd&uuml;lillahi rabbil &acirc;lemin. Allah&uuml;mme salli ve sellim al&acirc;<br />\r\nseyyidin&acirc; Muhammedil beşiril m&uuml;beşşiri lil m&uuml;&rsquo;min&icirc;ne bim&acirc;<br />\r\nk&acirc;l&acirc;llah&uuml;l az&icirc;m: (Ve beşşiril m&uuml;&rsquo;min&icirc;n.) (Ve ennallahe l&acirc; yud&icirc;u ecrel m&uuml;&rsquo;min&icirc;n.)</p>\r\n\r\n<p>Allah&uuml;mme salli ve sellim al&acirc; seyyidin&acirc; Muhammedil beşiril<br />\r\nm&uuml;beşşiri lizzakir&icirc;ne bim&acirc; k&acirc;l&acirc;llah&uuml;l az&icirc;m:<br />\r\n(Fezkurun&icirc; ezkurk&uuml;m.) (&Uuml;zk&uuml;rullahe zikren kesiren. Ve<br />\r\nsebbihuhu b&uuml;kraten ve esilen. H&uuml;vellez&icirc; yusall&icirc; aleyk&uuml;m ve<br />\r\nmelaiket&uuml;h&uuml; liyuhricek&uuml;m minezzulum&acirc;ti il&acirc;nnuri ve k&acirc;na bil<br />\r\nm&uuml;&rsquo;min&icirc;ne rah&icirc;men. Tahiyyat&uuml;h&uuml;m yevme yelkavneh&uuml; selam&uuml;n<br />\r\nve eaddeleh&uuml;m ecren kerimen.)&nbsp;</p>\r\n\r\n<p>Allah&uuml;mme salli ve sellim al&acirc; seyyidin&acirc; Muhammedil beşiril<br />\r\nm&uuml;beşşiri lil amil&icirc;ne bim&acirc; k&acirc;l&acirc;llah&uuml;l az&icirc;m:<br />\r\n(Enn&icirc; laud&icirc;u amele amilin mink&uuml;m min zekerin ev&uuml;ns&acirc;.) (Ve men<br />\r\namile salihan min zekerin ev&uuml;ns&acirc; ve h&uuml;ve m&uuml;&rsquo;minun fe&uuml;l&acirc;ike<br />\r\nyedhulunel cennete yurzakune fih&acirc; bigayri his&acirc;bin.)&nbsp;</p>\r\n\r\n<p>Allah&uuml;mme salli ve sellim al&acirc; seyyidin&acirc; Muhammedil beşiril<br />\r\nm&uuml;beşşiri lil evv&acirc;b&icirc;ne bim&acirc; k&acirc;l&acirc;llah&uuml;l az&icirc;m:<br />\r\n(Feinnehu k&acirc;ne lil evv&acirc;b&icirc;ne gafuren.) (Leh&uuml;m m&acirc;yeş&acirc;une inde<br />\r\nrabbihim zalike cez&acirc;ul muhsin&icirc;n.)&nbsp;</p>\r\n\r\n<p>Allah&uuml;mme salli ve sellim al&acirc; seyyidin&acirc; Muhammedil beşiril<br />\r\nm&uuml;beşşiri littevv&acirc;b&icirc;ne bim&acirc; k&acirc;l&acirc;llah&uuml;l az&icirc;m:<br />\r\n(İnnallahe yuhibbut tevvab&icirc;ne ve yuhibbul m&uuml;tetahhir&icirc;n.) (Ve<br />\r\nh&uuml;vellez&icirc; yekbelut tevbete an ib&acirc;dihi ve ya&rsquo;fu anisseyyiati.)&nbsp;</p>\r\n\r\n<p>Allah&uuml;mme salli ve sellim al&acirc; seyyidin&acirc; Muhammedil beşiril<br />\r\nm&uuml;beşşiri lilmuhlis&icirc;ne bim&acirc; k&acirc;l&acirc;llah&uuml;l az&icirc;m:<br />\r\n(Femen k&acirc;ne yerc&ucirc; lik&acirc;e rabbihi felya&rsquo;mel amelen salihan vela<br />\r\ny&uuml;şrik biib&acirc;deti rabbihi ehaden.) (Muhlis&icirc;ne leh&uuml;dd&icirc;n.)</p>\r\n\r\n<p>Allah&uuml;mme salli ve sellim al&acirc; seyyidin&acirc; Muhammedil beşiril<br />\r\nm&uuml;beşşiri lilmusall&icirc;ne bim&acirc; k&acirc;l&acirc;llah&uuml;l az&icirc;m:<br />\r\n(Veekimissal&acirc;te innessal&acirc;te tenha anilfehş&acirc;i velm&uuml;nkeri.)<br />\r\n(Ekimissal&acirc;te ve&rsquo;mur bilma&rsquo;rufi venha anil m&uuml;nkeri vesbir al&acirc; m&acirc;<br />\r\nesabeke inne zalike min azmil umuri.)&nbsp;</p>\r\n\r\n<p>Allah&uuml;mme salli ve sellim al&acirc; seyyidin&acirc; Muhammedil beşiril<br />\r\nm&uuml;beşşiri lilh&acirc;şi&icirc;ne bim&acirc; k&acirc;l&acirc;llah&uuml;l az&icirc;m:<br />\r\n(Vestainu bissabri vessal&acirc;ti ve inneh&acirc; lekebirat&uuml;n illa al&acirc;l haşi&icirc;ne.<br />\r\nEllez&icirc;ne yezunnune ennehum m&uuml;l&acirc;ku rabbihim ve ennehum<br />\r\nileyhi raciun.) (Ellez&icirc;ne yezkurunallahe kıyamen ve kuuden ve al&acirc;<br />\r\ncunubihim ve yetefekkerune f&icirc; halkissem&acirc;vati vel ardi rabben&acirc;<br />\r\nm&acirc; halakte haze b&acirc;tilen subhaneke fekın&acirc; azabenn&acirc;ri.)&nbsp;</p>\r\n\r\n<p>Allah&uuml;mme salli ve sellim al&acirc; seyyidin&acirc; Muhammedil beşiril<br />\r\nm&uuml;beşşiri liss&acirc;bir&icirc;ne bim&acirc; k&acirc;l&acirc;llah&uuml;l az&icirc;m:<br />\r\n(İnnem&acirc; y&uuml;veffess&acirc;birune ecreh&uuml;m bigayri his&acirc;bin.)<br />\r\n(&Uuml;l&acirc;ikellez&icirc;ne hedah&uuml;m&uuml;llah&uuml; ve &uuml;l&acirc;ike h&uuml;m ulul el b&acirc;b.)&nbsp;</p>\r\n\r\n<p>Allah&uuml;mme salli ve sellim al&acirc; seyyidin&acirc; Muhammedil beşiril<br />\r\nm&uuml;beşşiri lilh&acirc;if&icirc;ne bim&acirc; k&acirc;l&acirc;llah&uuml;l az&icirc;m:<br />\r\n(Velimen h&acirc;fe mek&acirc;me rabbihi cennet&acirc;ni.) (Ve emm&acirc; men h&acirc;fe<br />\r\nmek&acirc;me rabbihi venehennefse anil hev&acirc;. Fe innelcennete hiyel<br />\r\nme&rsquo;va.)&nbsp;</p>\r\n\r\n<p>Allah&uuml;mme salli ve sellim al&acirc; seyyidin&acirc; Muhammedil beşiril<br />\r\nm&uuml;beşşiri lilm&uuml;ttak&icirc;ne bim&acirc; k&acirc;l&acirc;llah&uuml;l az&icirc;m:<br />\r\n(Ve rahmeti vesiat k&uuml;lle şeyin feseektubuh&acirc; lillez&icirc;ne yettakune<br />\r\nve yu&rsquo;tunezzek&acirc;te vellez&icirc;nehum biayetin&acirc; y&uuml;&rsquo;minune. Ellez&icirc;ne<br />\r\nyettabiunerrasulennebiyyel &uuml;mmiyye.) (Leh&uuml;m ceza&acirc;&uuml;ddi&rsquo;fi bim&acirc;<br />\r\namilu veh&uuml;m f&icirc;l ğuruf&acirc;ti &acirc;minun.)&nbsp;</p>\r\n\r\n<p>Allah&uuml;mme salli ve sellim al&acirc; seyyidin&acirc; Muhammedil beşiril<br />\r\nm&uuml;beşşiri lilm&uuml;hbit&icirc;ne bim&acirc; k&acirc;l&acirc;llah&uuml;l az&icirc;m:<br />\r\n(Ve beşşiril m&uuml;hbit&icirc;ne. Ellez&icirc;ne iza z&uuml;kir&acirc;llah&uuml; vecilet<br />\r\nkul&ucirc;b&uuml;h&uuml;m.) (Vellez&icirc;ne y&uuml;&rsquo;tune m&acirc; atev ve kul&ucirc;b&uuml;h&uuml;m vecilet&uuml;n<br />\r\nenneh&uuml;m il&acirc; rabbihim raciun.)&nbsp;</p>\r\n\r\n<p>Allah&uuml;mme salli ve sellim al&acirc; seyyidin&acirc; Muhammedil beşiril<br />\r\nm&uuml;beşşiri lissabir&icirc;ne bim&acirc; k&acirc;l&acirc;llah&uuml;l az&icirc;m:<br />\r\n(Ve beşşiriss&acirc;bir&icirc;ne. Ellez&icirc;ne iz&acirc; es&acirc;beth&uuml;m m&uuml;s&icirc;bet&uuml;n k&acirc;lu inn&acirc;<br />\r\nlillahi ve inn&acirc; ileyhi r&acirc;ciune. &Uuml;l&acirc;ike aleyhim salavat&uuml;n min<br />\r\nrabbihim ve rahmet&uuml;n ve &uuml;l&acirc;ike h&uuml;m&uuml;l m&uuml;htedun.) (İnn&icirc;<br />\r\ncezeyt&uuml;h&uuml;m&uuml;l yevme bim&acirc; sabar&ucirc; enneh&uuml;m h&uuml;m&uuml;l f&acirc;izun.)&nbsp;</p>\r\n\r\n<p>Allah&uuml;mme salli ve sellim al&acirc; seyyidin&acirc; Muhammedil beşiril<br />\r\nm&uuml;beşşiri lilk&acirc;zim&icirc;ne bim&acirc; k&acirc;l&acirc;llah&uuml;l az&icirc;m:<br />\r\n(Vel k&acirc;zim&icirc;nel ğayze vel &acirc;f&icirc;ne aninn&acirc;si vallah&uuml; y&uuml;hibbul<br />\r\nmuhsin&icirc;n.) (Femen af&acirc; ve aslaha feecruh&uuml; al&acirc;llahi inneh&uuml; la<br />\r\ny&uuml;hibbuzzalim&icirc;n.)&nbsp;</p>\r\n\r\n<p>Allah&uuml;mme salli ve sellim al&acirc; seyyidin&acirc; Muhammedil beşiril<br />\r\nm&uuml;beşşiri lil muhsin&icirc;ne bim&acirc; k&acirc;l&acirc;llah&uuml;l az&icirc;m:<br />\r\n(Ve ehsinu innallahe yuhibbul muhsin&icirc;n.) (Men c&acirc;e bil haseneti<br />\r\nfelah&uuml; aşr&uuml; ems&acirc;lih&acirc; vemen c&acirc;e bisseyyiati fel&acirc; yucza ill&acirc;<br />\r\nmisleh&acirc; veh&uuml;m l&acirc; y&uuml;zlemun.)&nbsp;</p>\r\n\r\n<p>Allah&uuml;mme salli ve sellim al&acirc; seyyidin&acirc; Muhammedil beşiril<br />\r\nm&uuml;beşşiri lilm&uuml;tesaddik&icirc;ne bim&acirc; k&acirc;l&acirc;llah&uuml;l az&icirc;m:<br />\r\n(Ve entesaddak&ucirc; hayr&uuml;n lek&uuml;m ink&uuml;nt&uuml;m ta&rsquo;lemun.) (İnnallahe<br />\r\nyeczil m&uuml;tesaddık&icirc;n.)&nbsp;</p>\r\n\r\n<p>Allah&uuml;mme salli ve sellim al&acirc; seyyidin&acirc; Muhammedil beşiril<br />\r\nm&uuml;beşşiri lilm&uuml;nfik&icirc;ne bim&acirc; k&acirc;l&acirc;llah&uuml;l az&icirc;m:<br />\r\n(Ve mimm&acirc; razakn&acirc;h&uuml;m y&uuml;nfikun.) (Vem&acirc; enfakt&uuml;m min şey&rsquo;in<br />\r\nfeh&uuml;ve y&uuml;hlif&uuml;h&uuml;.)&nbsp;</p>\r\n\r\n<p>Allah&uuml;mme salli ve sellim al&acirc; seyyidin&acirc; Muhammedil beşiril<br />\r\nm&uuml;beşşiri lilş&acirc;kir&icirc;ne bim&acirc; k&acirc;l&acirc;llah&uuml;l az&icirc;m:<br />\r\n(Veşk&uuml;r&uuml; ni&rsquo;metallahi ink&uuml;nt&uuml;m iyy&acirc;hu ta&rsquo;budun.) (Lein şekert&uuml;m<br />\r\nlaez&icirc;dennek&uuml;m velain kefert&uuml;m inne az&acirc;b&icirc; leşedidun.)</p>\r\n\r\n<p>Allah&uuml;mme salli ve sellim al&acirc; seyyidin&acirc; Muhammedil beşiril<br />\r\nm&uuml;beşşiri liss&acirc;il&icirc;ne bim&acirc; k&acirc;l&acirc;llah&uuml;l az&icirc;m:<br />\r\n(Feinn&icirc; kar&icirc;bun uc&icirc;bu da&rsquo;vetedd&acirc;i iz&acirc; da&acirc;nid un&icirc; estacib lek&uuml;m.)&nbsp;</p>\r\n\r\n<p>Allah&uuml;mme salli ve sellim al&acirc; seyyidin&acirc; Muhammedil beşiril<br />\r\nm&uuml;beşşiri liss&acirc;lih&icirc;ne bim&acirc; k&acirc;l&acirc;llah&uuml;l az&icirc;m:<br />\r\n(Ennel arda yerisuh&acirc; ıb&acirc;diyes s&acirc;lih&ucirc;n.) (&Uuml;l&acirc;ike h&uuml;m&uuml;l v&acirc;risune.<br />\r\nEllez&icirc;ne yerisunel firdevse h&uuml;m f&icirc;h&acirc; h&acirc;lid&ucirc;n.)&nbsp;</p>\r\n\r\n<p>Allah&uuml;mme salli ve sellim al&acirc; seyyidin&acirc; Muhammedil beşiril<br />\r\nm&uuml;beşşiri lilmusall&icirc;ne bim&acirc; k&acirc;l&acirc;llah&uuml;l az&icirc;m:<br />\r\n(İnnallahe ve mel&acirc;iket&uuml;h&uuml; yusallune alenneb&icirc;yyi y&acirc;<br />\r\neyy&uuml;hellez&icirc;ne amenu sall&uuml; aleyhi ve sellimu teslimen.) (Y&uuml;&rsquo;tikum<br />\r\nkifleyni min rahmetihi ve yec&rsquo;al lek&uuml;m n&ucirc;ren temşune bihi ve<br />\r\nyağfir lek&uuml;m vallah&uuml; ğaf&uuml;r&uuml;n rah&icirc;mun.)&nbsp;</p>\r\n\r\n<p>Allah&uuml;mme salli ve sellim al&acirc; seyyidin&acirc; Muhammedil beşiril<br />\r\nm&uuml;beşşiri lilm&uuml;beşşir&icirc;ne bim&acirc; k&acirc;l&acirc;llah&uuml;l az&icirc;m:<br />\r\n(Ve beşşirillez&icirc;ne &acirc;menu ve amiluss&acirc;lih&acirc;ti.) (Leh&uuml;m&uuml;l b&uuml;şr&acirc; f&icirc;l<br />\r\nhay&acirc;tid d&uuml;ny&acirc; ve fil &acirc;hireti l&acirc; tebd&icirc;la likelim&acirc;tillahi z&acirc;like h&uuml;vel<br />\r\nfevzul az&icirc;m.)&nbsp;</p>\r\n\r\n<p>Allah&uuml;mme salli ve sellim al&acirc; seyyidin&acirc; Muhammedil beşiril<br />\r\nm&uuml;beşşiri lil f&acirc;iz&icirc;ne bim&acirc; k&acirc;l&acirc;llah&uuml;l az&icirc;m:<br />\r\n(Vemen y&uuml;tiillahe ve rasulehu fekad f&acirc;za fevz&acirc;n az&icirc;man.)&nbsp;</p>\r\n\r\n<p>Allah&uuml;mme salli ve sellim al&acirc; seyyidin&acirc; Muhammedil beşiril<br />\r\nm&uuml;beşşiri lizzahid&icirc;ne bim&acirc; k&acirc;l&acirc;llah&uuml;l az&icirc;m:<br />\r\n(Elm&acirc;lu velbanune z&icirc;net&uuml;l hay&acirc;tid d&uuml;ny&acirc; vel b&acirc;kiy&acirc;t&uuml;ss&acirc;lih&acirc;t&uuml;<br />\r\nhayr&uuml;n inde rabbike sev&acirc;ben ve hayr&uuml;n amelen.)&nbsp;</p>\r\n\r\n<p>Allah&uuml;mme salli ve sellim al&acirc; seyyidin&acirc; Muhammedil beşiril<br />\r\nm&uuml;beşşiri lil&uuml;mmiyy&icirc;ne bim&acirc; k&acirc;l&acirc;llah&uuml;l az&icirc;m:<br />\r\n(K&uuml;nt&uuml;m hayra &uuml;mmetin uhricat linn&acirc;si te&rsquo;murune bilma&rsquo;rufi ve<br />\r\ntenhevne anil m&uuml;nkeri.)&nbsp;</p>\r\n\r\n<p>Allah&uuml;mme salli ve sellim al&acirc; seyyidin&acirc; Muhammedil beşiril<br />\r\nm&uuml;beşşiri lilmustafeyne bim&acirc; k&acirc;l&acirc;llah&uuml;l az&icirc;m:<br />\r\n(S&uuml;mme evrasn&acirc;l kit&acirc;bellez&icirc;nestafeyn&acirc; min ib&acirc;d&icirc;n&acirc; feminh&uuml;m<br />\r\nz&acirc;limun linefsihi ve minh&uuml;m muktesiddun ve minh&uuml;m s&acirc;bikun<br />\r\nbil hayr&acirc;ti biiznillahi z&acirc;like h&uuml;vel fadl&uuml;l keb&icirc;ru.)&nbsp;</p>\r\n\r\n<p>Allah&uuml;mme salli ve sellim al&acirc; seyyidin&acirc; Muhammedil beşiril<br />\r\nm&uuml;beşşiri lilm&uuml;znib&icirc;ne bim&acirc; k&acirc;l&acirc;llah&uuml;l az&icirc;m:&nbsp;</p>\r\n\r\n<p>(Kul y&acirc; ib&acirc;diyellez&icirc;ne esraf&uuml; al&acirc; enf&uuml;sihim lateknet&ucirc; min<br />\r\nrahmetill&acirc;hi innell&acirc;he yağfiruzzunube cemi&acirc;n inneh&uuml; h&uuml;vel<br />\r\nğafururrah&icirc;m.)&nbsp;</p>\r\n\r\n<p>Allah&uuml;mme salli ve sellim al&acirc; seyyidin&acirc; Muhammedil beşiril<br />\r\nm&uuml;beşşiri lil mustağfir&icirc;ne bim&acirc; k&acirc;l&acirc;llah&uuml;l az&icirc;m:<br />\r\n(Ve men ya&rsquo;mel suen evyezlim nefsehu s&uuml;mme yestağfirill&acirc;he<br />\r\nyecidill&acirc;he ğafuren rah&icirc;men.)&nbsp;</p>\r\n\r\n<p>Allah&uuml;mme salli ve sellim al&acirc; seyyidin&acirc; Muhammedil beşiril<br />\r\nm&uuml;beşşiri lilmukarreb&icirc;ne bim&acirc; k&acirc;l&acirc;llah&uuml;l az&icirc;m:<br />\r\n(İnnellez&icirc;ne sebakat leh&uuml;m minn&acirc;l h&uuml;sn&acirc; &uuml;l&acirc;ike anh&acirc; m&uuml;b&rsquo;adune.<br />\r\nLa yes&rsquo;maune has&icirc;seh&acirc; veh&uuml;m f&icirc; m&acirc;ştehet enf&uuml;s&uuml;h&uuml;m h&acirc;lidune.<br />\r\nLa yahz&uuml;n&uuml;h&uuml;m&uuml;l feza&uuml;l ekberu ve tetelekk&acirc;h&uuml;m&uuml;l mel&acirc;iket&uuml;<br />\r\nh&acirc;z&acirc; yevm&uuml;k&uuml;m&uuml;llez&icirc; k&uuml;nt&uuml;m tuadun.)&nbsp;</p>\r\n\r\n<p>Allah&uuml;mme salli ve sellim al&acirc; seyyidin&acirc; Muhammedil beşiril<br />\r\nm&uuml;beşşiri lilm&uuml;&rsquo;min&icirc;ne bim&acirc; k&acirc;l&acirc;llah&uuml;l az&icirc;m:<br />\r\n(İnnel m&uuml;slim&icirc;ne velm&uuml;slim&acirc;ti velm&uuml;&rsquo;min&icirc;ne velm&uuml;&rsquo;min&acirc;ti<br />\r\nvelk&acirc;nit&icirc;ne velk&acirc;nit&acirc;ti vess&acirc;dik&icirc;ne vess&acirc;dik&acirc;ti vess&acirc;bir&icirc;ne<br />\r\nvess&acirc;bir&acirc;ti velh&acirc;şiine velh&acirc;şi&acirc;ti velm&uuml;tesaddik&icirc;ne<br />\r\nvelm&uuml;tesaddik&acirc;ti vess&acirc;im&icirc;ne vess&acirc;im&acirc;ti velh&acirc;fiz&icirc;ne furuceh&uuml;m<br />\r\nvelh&acirc;fiz&acirc;ti vezz&acirc;kir&icirc;nall&acirc;he kesiren vezz&acirc;kir&acirc;ti eaddall&acirc;h&uuml; leh&uuml;m<br />\r\nmağfiraten ve ecran az&icirc;men.) (Ve enleyse lilins&acirc;ni ill&acirc; m&acirc;se&acirc;. Ve<br />\r\nenne sa&rsquo;yeh&uuml; sevfe y&uuml;r&acirc;. S&uuml;mme y&uuml;c&rsquo;z&acirc;h&uuml;l cez&acirc;el evf&acirc;.)&nbsp;</p>\r\n\r\n<p>Allah&uuml;mme salli aleyhi salaten t&uuml;şrahu bih&acirc;ssuduru ve tehunu<br />\r\nbih&acirc;l umuru ve tenkeşifu bih&acirc;ssuturu ve sellim tesliman kes&icirc;ran<br />\r\ndaim&acirc;n il&acirc; yevmidd&icirc;ni. (Da&rsquo;veh&uuml;m fih&acirc; subh&acirc;nekellah&uuml;mme ve<br />\r\ntahiyyet&uuml;h&uuml;m fih&acirc; sel&acirc;m&uuml;n ve &acirc;hiru da&rsquo;veh&uuml;m enilhamd&uuml;lill&acirc;hi<br />\r\nrabbil &acirc;lem&icirc;n.)&nbsp;</p>\r\n\r\n<h2><strong>MEAL</strong></h2>\r\n\r\n<p>Rahman ve Rahim olan Allah&#39;ın adıyla.&nbsp;</p>\r\n\r\n<p>Hamd, alemlerin Rabbi Allah&#39;a mahsustur. Azim olan Allah&rsquo;ım, şu<br />\r\nm&uuml;barek s&ouml;zlerinle m&uuml;minleri m&uuml;jdeleyen Efendimiz<br />\r\nMuhammed&#39;e sal&acirc;t ve selam eyle:&nbsp;</p>\r\n\r\n<p>&ldquo;m&uuml;minleri m&uuml;jdele.&rdquo; (Bakara S&ucirc;resi, 223)</p>\r\n\r\n<p>&ldquo;Allah&#39;ın, m&uuml;minlerin m&uuml;k&acirc;fatını zayi etmeyeceği m&uuml;jdesiyle sevinirler.&rdquo; (&Acirc;l-i İmr&acirc;n S&ucirc;resi, 171)</p>\r\n\r\n<p>Azim olan Allah&rsquo;ım, şu m&uuml;barek s&ouml;zlerinle zikreden kalpleri m&uuml;jdeleyen Efendimiz Muhammed&#39;e sal&acirc;t ve selam eyle:</p>\r\n\r\n<p>&quot;Beni anın ki ben de sizi anayım.&rdquo; (Bakara S&ucirc;resi, 152)</p>\r\n\r\n<p>&ldquo;Ey iman edenler! Allah&#39;ı &ccedil;ok&ccedil;a zikredin, onu sabah akşam tesbih edin. O sizi karanlıktan aydınlığa &ccedil;ıkarmak i&ccedil;in size merhamet edendir, melekleri de sizin i&ccedil;in bağışlanma dileğindedir. Allah m&uuml;minlere &ccedil;ok merhamet edendir. Allah&#39;a kavuşacakları g&uuml;n m&uuml;minlere y&ouml;nelik esenlik dileği selamdır. Allah onlara bol bir m&uuml;k&acirc;fat hazırlamıştır.&rdquo; (Ahzab S&ucirc;resi, 41 - 44)</p>\r\n\r\n<p>Azim olan Allah&rsquo;ım, şu m&uuml;barek s&ouml;zlerinle salih amel işleyenleri m&uuml;jdeleyen Efendimiz Muhammed&#39;e sal&acirc;t ve selam eyle:</p>\r\n\r\n<p>&ldquo;Ben erkek olsun, kadın olsun sizden hi&ccedil;bir amel edenin amelini zayi kılmam.&rdquo; (&Acirc;l-i İmr&acirc;n S&ucirc;resi, 195)</p>\r\n\r\n<p>&ldquo;Kadın ve erkek kim m&uuml;min olarak salih bir amel işlerse, işte onlar cennete girerler ve orada hesapsız olarak rızıklandırılırlar.&rdquo; (M&uuml;&rsquo;min S&ucirc;resi, 40)</p>\r\n\r\n<p>Azim olan Allah&rsquo;ım, şu m&uuml;barek s&ouml;zlerinle &ccedil;ok&ccedil;a t&ouml;vbe edenleri m&uuml;jdeleyen Efendimiz Muhammed&#39;e sal&acirc;t ve selam eyle:</p>\r\n\r\n<p>&ldquo;Ş&uuml;bhesiz ki Allah, &ccedil;ok&ccedil;a tevbe eden kimseleri bağışlayıcıdır.&rdquo; (İsra S&ucirc;resi, 25) &ldquo;Onlar i&ccedil;in Rableri katında diledikleri her şey vardır, işte bu muhsinlerin m&uuml;k&acirc;fatıdır.&quot; (Z&uuml;mer S&ucirc;resi, 34)</p>\r\n\r\n<p>Azim olan Allah&rsquo;ım, şu m&uuml;barek s&ouml;zlerinle t&ouml;vbe edenleri m&uuml;jdeleyen Efendimiz Muhammed&#39;e sal&acirc;t ve selam eyle:</p>\r\n\r\n<p>&quot;ş&uuml;phesiz Allah &ccedil;ok t&ouml;vbe edenleri sever, &ccedil;ok temizlenenleri sever.&rdquo; (Bakara S&ucirc;resi, 222)</p>\r\n\r\n<p>&ldquo;kullarından t&ouml;vbeyi kabul eden, k&ouml;t&uuml;l&uuml;kleri bağışlayandır.&quot; (Şura S&ucirc;resi, 25)</p>\r\n\r\n<p>Azim olan Allah&rsquo;ım, şu m&uuml;barek s&ouml;zlerinle ihlas sahiplerini m&uuml;jdeleyen Efendimiz Muhammed&#39;e sal&acirc;t ve selam eyle:</p>\r\n\r\n<p>&quot;kim Rabbine kavuşmayı umuyorsa yararlı bir iş yapsın ve Rabbine ibadette kimseyi ortak koşmasın.&rdquo; (Kehf S&ucirc;resi, 110)</p>\r\n\r\n<p>dinde ihl&acirc;s sahipleri olarak,&rdquo; (Beyyine S&ucirc;resi, 5 )</p>\r\n\r\n<p>Azim olan Allah&rsquo;ım, şu m&uuml;barek s&ouml;zlerinle namazı dosdoğru kılanları m&uuml;jdeleyen Efendimiz Muhammed&#39;e sal&acirc;t ve selam eyle:</p>\r\n\r\n<p>&quot;namazı dosdoğru kıl; &ccedil;&uuml;nk&uuml; namaz insanı hayasızlıktan ve k&ouml;t&uuml;l&uuml;kten alıkoyar.&rdquo; (Ankebut S&ucirc;resi, 45)</p>\r\n\r\n<p>&ldquo;namazı dosdoğru kıl, iyiliği emret, k&ouml;t&uuml;l&uuml;kten alıkoy, başına gelen musibetlere karşı sabırlı ol. &Ccedil;&uuml;nk&uuml; bunlar kesin olarak emredilmiş işlerdir.&rdquo; (Lokman S&ucirc;resi, 17)</p>\r\n\r\n<p>Azim olan Allah&rsquo;ım, şu m&uuml;barek s&ouml;zlerinle Rabbinin emirlerine itaat eden huşu sahiplerini m&uuml;jdeleyen Efendimiz Muhammed&#39;e sal&acirc;t ve selam eyle:</p>\r\n\r\n<p>&ldquo;sabrederek ve namaz kılarak (Allah&#39;tan) yardım dileyin. Ş&uuml;phesiz namaz ağır bir şeydir, ancak huşu duyanlar i&ccedil;in değil. Onlar Rablerine kavuşacaklarını ve ger&ccedil;ekten ona d&ouml;neceklerini &ccedil;ok iyi bilirler.&rdquo; (Bakara S&ucirc;resi, 45 - 46)</p>\r\n\r\n<p>&ldquo;Onlar ayaktayken, otururken ve yanları &uuml;zerine yatarken Allah&#39;ı anarlar. G&ouml;klerin ve yerin yaratılışı &uuml;zerinde d&uuml;ş&uuml;n&uuml;rler. Rabbimiz bunu boş yere yaratmadın, seni eksikliklerden uzak tutarız, bizi ateş azabından koru derler.&rdquo; (&Acirc;l-i İmr&acirc;n S&ucirc;resi, 191)</p>\r\n\r\n<p>Azim olan Allah&rsquo;ım, şu m&uuml;barek s&ouml;zlerinle sabredenleri m&uuml;jdeleyen Efendimiz Muhammed&#39;e sal&acirc;t ve selam eyle:</p>\r\n\r\n<p>&ldquo;sabredenlere m&uuml;k&acirc;fatları elbette hesapsız olarak verilir.&rdquo; (Z&uuml;mer S&ucirc;resi, 10)</p>\r\n\r\n<p>&ldquo;işte onlar Allah&#39;ın hidayete erdirdiği kimselerdir. İşte onlar akıl sahiplerinin ta kendileridir.&rdquo; (Z&uuml;mer S&ucirc;resi, 18)&nbsp;</p>\r\n\r\n<p>Azim olan Allah&rsquo;ım, şu m&uuml;barek s&ouml;zlerinle Rabbinin huzurunda hesap vermekten korkan kimseleri m&uuml;jdeleyen Efendimiz Muhammed&#39;e sal&acirc;t ve selam eyle:</p>\r\n\r\n<p>&ldquo;Rabbinin huzurunda (hesap vermek &uuml;zere) duracağından korkan kimseye iki cennet vardır.&quot; (Rahman S&ucirc;resi, 46)</p>\r\n\r\n<p>&ldquo;Kim de Rabbinin huzurunda duracağından korkar ve nefsini arzularından alıkoyarsa ş&uuml;phesiz cennet onun sığınağıdır.&rdquo; (Naziat S&ucirc;resi, 40 - 41)</p>\r\n\r\n<p>Azim olan Allah&rsquo;ım, şu m&uuml;barek s&ouml;zlerinle muttakileri (takva sahiplerini) m&uuml;jdeleyen Efendimiz Muhammed&#39;e sal&acirc;t ve selam eyle:</p>\r\n\r\n<p>&quot;Rahmetim ise her şeyi kapsamıştır. Onu, bana karşı gelmekten sakınanlara, zek&acirc;tı verenlere ve ayetlerimize inananlara yazacağım. Onlar resule, &uuml;mm&icirc; peygambere uyan kimselerdir.&quot; (Araf S&ucirc;resi, 156 - 157)</p>\r\n\r\n<p>&ldquo;işte onların amellerine karşı kendilerine kat kat m&uuml;k&acirc;fat vardır. Onlar cennet k&ouml;şklerinde emniyet i&ccedil;indedirler.&rdquo; (Sebe S&ucirc;resi, 37)</p>\r\n\r\n<p>Azim olan Allah&rsquo;ım, şu m&uuml;barek s&ouml;zlerinle itaatk&acirc;r ve tevazu sahiplerini m&uuml;jdeleyen Efendimiz Muhammed&#39;e sal&acirc;t ve selam eyle:</p>\r\n\r\n<p>&quot;Allah&#39;a itaat eden al&ccedil;ak g&ouml;n&uuml;ll&uuml;leri m&uuml;jdele ki Allah anıldığı vakit onların kalpleri titrer. &ldquo;(Hac S&ucirc;resi, 34 - 35)</p>\r\n\r\n<p>&ldquo;Rablerine d&ouml;necekleri i&ccedil;in, verdiklerini kalpleri &uuml;rpererek verirler.&quot; (M&uuml;minun S&ucirc;resi, 60)</p>\r\n\r\n<p>Azim olan Allah&rsquo;ım, şu m&uuml;barek s&ouml;zlerinle sabredenleri m&uuml;jdeleyen Efendimiz Muhammed&#39;e sal&acirc;t ve selam eyle:</p>\r\n\r\n<p>&ldquo;sabredenleri m&uuml;jdele. Onlar başlarına bir musibet gelince, biz ş&uuml;phesiz (her şeyimizle) Allah&#39;a aidiz ve ş&uuml;phesiz O&#39;na d&ouml;neceğiz, derler. İşte Rableri katında rahmet ve merhamet onlaradır. Doğru yola ulaştırılmış olanlar da işte bunlardır.&rdquo; (Bakara S&ucirc;resi, 155 - 157)</p>\r\n\r\n<p>&ldquo;Ş&uuml;bhesiz ki ben, sabretmelerine karşılık bug&uuml;n onları m&uuml;k&acirc;f&acirc;tlandırdım; ger&ccedil;ekten kurtuluşa erenler, ancak onlardır.&rdquo; (M&uuml;&#39;minun S&ucirc;resi, 111)</p>\r\n\r\n<p>Azim olan Allah&rsquo;ım, şu m&uuml;barek s&ouml;zlerinle &ouml;fkelerini yenenleri m&uuml;jdeleyen Efendimiz Muhammed&#39;e sal&acirc;t ve selam eyle:</p>\r\n\r\n<p>&ldquo;onlar &ouml;fkelerini yenenler, insanları affedenlerdir. Allah iyilik edenleri sever.&rdquo; (&Acirc;l-i İmr&acirc;n S&ucirc;resi, 134)</p>\r\n\r\n<p>&ldquo;kim affeder, bağışlarsa onun m&uuml;k&acirc;fatı Allah&#39;a aittir. Ş&uuml;phesiz ki Allah, zalimleri sevmez&hellip;&rdquo; (Şura S&ucirc;resi, 40)</p>\r\n\r\n<p>Azim olan Allah&rsquo;ım, şu m&uuml;barek s&ouml;zlerinle g&uuml;zel davranışlarda bulunan kimseleri m&uuml;jdeleyen Efendimiz Muhammed&#39;e sal&acirc;t ve selam eyle:</p>\r\n\r\n<p>&quot;iyilik edin, ş&uuml;phesiz Allah iyilik edenleri sever.&rdquo; (Bakara S&ucirc;resi, 195)</p>\r\n\r\n<p>&ldquo;kim bir iyilik yaparsa, ona on katı vardır. Kim de bir k&ouml;t&uuml;l&uuml;k yaparsa, o da sadece o k&ouml;t&uuml;l&uuml;ğ&uuml;n misliyle cezalandırılır ve onlara zul&uuml;m edilmez.&rdquo; (En&#39;am S&ucirc;resi, 160)</p>\r\n\r\n<p>Azim olan Allah&rsquo;ım, şu m&uuml;barek s&ouml;zlerinle sadaka verenleri m&uuml;jdeleyen Efendimiz Muhammed&#39;e sal&acirc;t ve selam eyle:</p>\r\n\r\n<p>&quot;borcu sadaka olarak bağışlamanız, eğer bilirseniz, hakkınızda daha hayırlıdır&hellip;&quot; (Bakara S&ucirc;resi, 280)</p>\r\n\r\n<p>&ldquo;ş&uuml;phesiz Allah sadaka verenleri m&uuml;k&acirc;fatlandırır.&quot; (Yusuf S&ucirc;resi, 88)</p>\r\n\r\n<p>Azim olan Allah&rsquo;ım, şu m&uuml;barek s&ouml;zlerinle kazan&ccedil;larını hayır yollarında sarf edenleri m&uuml;jdeleyen Efendimiz Muhammed&#39;e sal&acirc;t ve selam eyle:</p>\r\n\r\n<p>&quot;kendilerine rızık olarak verdiğimizden de Allah yolunda harcarlar.&rdquo; (Bakara S&ucirc;resi, 3)</p>\r\n\r\n<p>&ldquo;Her neyi hayra harcarsanız O, onun yerine başkasını verir.&rdquo; (Sebe S&ucirc;resi, 39)</p>\r\n\r\n<p>Azim olan Allah&rsquo;ım, şu m&uuml;barek s&ouml;zlerinle ş&uuml;kredenleri m&uuml;jdeleyen Efendimiz Muhammed&#39;e sal&acirc;t ve selam eyle:</p>\r\n\r\n<p>&ldquo;Eğer yalnız ona ibadet ediyorsanız, Allah&#39;ın nimetine ş&uuml;kredin.&rdquo; (Nahl S&ucirc;resi, 114)</p>\r\n\r\n<p>&ldquo;Eğer ş&uuml;krederseniz elbette size nimetimi artırırım; eğer nank&ouml;rl&uuml;k ederseniz hi&ccedil; ş&uuml;phesiz azabım &ccedil;ok şiddetlidir.&quot; (İbrahim S&ucirc;resi, 7)</p>\r\n\r\n<p>Azim olan Allah&rsquo;ım, şu m&uuml;barek s&ouml;zlerinle dua edenleri m&uuml;jdeleyen Efendimiz Muhammed&#39;e sal&acirc;t ve selam eyle:</p>\r\n\r\n<p>&quot;Ben onlara &ccedil;ok yakınım. Bana dua edince, dua edenin duasına karşılık veririm.&rdquo; (Bakara S&ucirc;resi, 186)</p>\r\n\r\n<p>&quot;bana dua edin, duanıza karşılık vereyim.&rdquo; (M&uuml;min S&ucirc;resi, 60)</p>\r\n\r\n<p>Azim olan Allah&rsquo;ım, şu m&uuml;barek s&ouml;zlerinle salih kullarını m&uuml;jdeleyen Efendimiz Muhammed&#39;e sal&acirc;t ve selam eyle:</p>\r\n\r\n<p>&quot;Muhakkak yery&uuml;z&uuml;ne benim iyi kullarım varis olacaktır.&rdquo; (Enbiya S&ucirc;resi, 105)</p>\r\n\r\n<p>&ldquo;İşte v&acirc;ris olanlar, onlardır. Onlar ki, Firdevs (Cennetin)e v&acirc;ris olurlar. Onlar orada ebed&icirc; olarak kalıcıdırlar.&quot; (M&uuml;minun S&ucirc;resi, 10 - 11)</p>\r\n\r\n<p>Azim olan Allah&rsquo;ım, şu m&uuml;barek s&ouml;zlerinle Peygamber Efendimize salat edenleri m&uuml;jdeleyen Efendimiz Muhammed&#39;e sal&acirc;t ve selam eyle:</p>\r\n\r\n<p>&ldquo;Ş&uuml;phesiz Allah ve melekleri Peygambere sal&acirc;t ederler. Ey iman edenler! Siz de ona teslimiyetle sal&acirc;t ve sel&acirc;m edin.&rdquo; (Ahzab S&ucirc;resi, 56)</p>\r\n\r\n<p>&ldquo;sizlere rahmetinden iki pay versin; size bir nur bahşeylesin ki onunla (yolunuzu g&ouml;r&uuml;p) y&uuml;r&uuml;yesiniz, hem de sizi bağışlasın. Allah &ccedil;ok bağışlayan, &ccedil;ok merhamet edendir.&rdquo; (Hadid S&ucirc;resi, 28)</p>\r\n\r\n<p>Azim olan Allah&rsquo;ım, şu m&uuml;barek s&ouml;zlerinle d&uuml;nya ve ahiret hayırlarıyla m&uuml;jdelenenleri m&uuml;jdeleyen Efendimiz Muhammed&#39;e sal&acirc;t ve selam eyle:</p>\r\n\r\n<p>&quot;İnanıp yararlı işler yapanları m&uuml;jdele&quot; (Bakara S&ucirc;resi, 25)</p>\r\n\r\n<p>&ldquo;D&uuml;nya hayatında da ahirette de onlara m&uuml;jde vardır. Allah&rsquo;ın s&ouml;zlerinde asla değişme yoktur. İşte bu, b&uuml;y&uuml;k kurtuluşun kendisidir&hellip;&quot; (Yunus S&ucirc;resi, 64)</p>\r\n\r\n<p>Azim olan Allah&rsquo;ım, şu m&uuml;barek s&ouml;zlerinle kurtuluşa erenleri m&uuml;jdeleyen Efendimiz Muhammed&#39;e sal&acirc;t ve selam eyle:</p>\r\n\r\n<p>&quot;kim Allah&rsquo;a ve Res&ucirc;l&uuml;ne it&acirc;at ederse, o takdirde ger&ccedil;ekten b&uuml;y&uuml;k bir kurtuluşa ermiş olur.&quot; (Ahzab S&ucirc;resi, 71)</p>\r\n\r\n<p>Azim olan Allah&rsquo;ım, şu m&uuml;barek s&ouml;zlerinle ahiret hayatını d&uuml;nya nimetlerine tercih edenleri m&uuml;jdeleyen Efendimiz Muhammed&#39;e sal&acirc;t ve selam eyle:</p>\r\n\r\n<p>Mallar ve evlatlar d&uuml;nya hayatının s&uuml;s&uuml;d&uuml;r. Baki kalacak salih ameller ise Rabbinin katında sevap olarak da, &uuml;mit olarak da daha hayırlıdır.&quot; (Kehf S&ucirc;resi, 46)</p>\r\n\r\n<p>Azim olan Allah&rsquo;ım, şu m&uuml;barek s&ouml;zlerinle kendi &uuml;mmetine tabi olanları m&uuml;jdeleyen Efendimiz Muhammed&#39;e sal&acirc;t ve selam eyle:</p>\r\n\r\n<p>&quot;Siz insanlar i&ccedil;in &ccedil;ıkarılmış en hayırlı &uuml;mmetsiniz, iyiliği emreder k&ouml;t&uuml;l&uuml;kten men edersiniz.&quot; (&Acirc;l-i İmr&acirc;n S&ucirc;resi, 110)</p>\r\n\r\n<p>Azim olan Allah&rsquo;ım, şu m&uuml;barek s&ouml;zlerinle se&ccedil;ilmiş kimseleri m&uuml;jdeleyen Efendimiz Muhammed&#39;e sal&acirc;t ve selam eyle:</p>\r\n\r\n<p>&quot;Sonra biz o kitabı, kullarımızdan s&uuml;z&uuml;p se&ccedil;tiğimiz kimselere miras olarak verdik. Onlardan kendilerine zulmedenler vardır. Onlardan ortada olanlar vardır. Yine onlardan Allah&#39;ın izniyle hayırlı işlerde &ouml;ne ge&ccedil;enler vardır, işte bu b&uuml;y&uuml;k l&uuml;tuftur.&rdquo; (Fatır S&ucirc;resi, 32)</p>\r\n\r\n<p>Azim olan Allah&rsquo;ım, şu m&uuml;barek s&ouml;zlerinle g&uuml;nahk&acirc;r m&uuml;minlere mağfireti m&uuml;jdeleyen Efendimiz Muhammed&#39;e sal&acirc;t ve selam eyle:</p>\r\n\r\n<p>&ldquo;De ki: Ey kendi nefisleri aleyhine haddi aşan kullarım! Allah&#39;ın rahmetinden &uuml;mit kesmeyin! &Ccedil;&uuml;nk&uuml; Allah b&uuml;t&uuml;n g&uuml;nahları bağışlar. Ş&uuml;phesiz ki O, &ccedil;ok bağışlayan, &ccedil;ok esirgeyendir. (Z&uuml;mer S&ucirc;resi, 53)</p>\r\n\r\n<p>Azim olan Allah&rsquo;ım, şu m&uuml;barek s&ouml;zlerinle t&ouml;vbe edip bağışlanma dileyenleri m&uuml;jdeleyen Efendimiz Muhammed&#39;e sal&acirc;t ve selam eyle:</p>\r\n\r\n<p>&quot;Kim bir k&ouml;t&uuml;l&uuml;k yapar yahut nefsine zulmeder de sonra Allah&rsquo;tan mağfiret dilerse, Allah&rsquo;ı &ccedil;ok bağışlayıcı ve esirgeyici bulur.&rdquo; (Nisa S&ucirc;resi, 110)</p>\r\n\r\n<p>Azim olan Allah&rsquo;ım, şu m&uuml;barek s&ouml;zlerinle sana en yakın kullarını m&uuml;jdeleyen Efendimiz Muhammed&#39;e sal&acirc;t ve selam eyle:</p>\r\n\r\n<p>&ldquo;Ş&uuml;phesiz kendileri i&ccedil;in tarafımızdan en g&uuml;zel m&uuml;k&acirc;fat hazırlanmış olanlar var ya, işte bunlar cehennemden uzaklaştırılmışlardır. Onlar cehennemin uğultusunu duymazlar. Canlarının istediği nimetler i&ccedil;erisinde ebedi olarak kalırlar. O b&uuml;y&uuml;k korku onları tasalandırmaz ve melekler onları &laquo; işte bu size vaat edilen (mutlu) g&uuml;n&uuml;n&uuml;zd&uuml;r &raquo; diyerek karşılarlar.&rdquo; (Enbiya S&ucirc;resi, 101 - 103)</p>\r\n\r\n<p>Azim olan Allah&rsquo;ım, şu m&uuml;barek s&ouml;zlerinle m&uuml;minleri m&uuml;jdeleyen Efendimiz Muhammed&#39;e sal&acirc;t ve selam eyle:</p>\r\n\r\n<p>&ldquo;Ş&uuml;phe yok ki m&uuml;sl&uuml;man erkeklerle m&uuml;sl&uuml;man kadınlar, m&uuml;min erkeklerle m&uuml;min kadınlar, itaat eden erkeklerle itaat eden kadınlar, sadık erkeklerle sadık kadınlar, sabreden erkeklerle sabreden kadınlar, m&uuml;tevazı erkeklerle m&uuml;tevazı kadınlar, sadaka veren erkeklerle sadaka veren kadınlar, oru&ccedil; tutan erkeklerle oru&ccedil; tutan kadınlar, ırzlarını koruyan erkeklerle ırzlarını koruyan kadınlar, Allah&#39;ı &ccedil;ok zikreden erkeklerle Allah&#39;ı &ccedil;ok zikreden kadınlar var ya, işte onlar i&ccedil;in Allah bir mağfiret ve b&uuml;y&uuml;k bir m&uuml;k&acirc;fat hazırlamıştır.&rdquo; (Ahzab S&ucirc;resi, 35)</p>\r\n\r\n<p>&ldquo;Ve ş&uuml;phesiz ki, insan i&ccedil;in kendi &ccedil;alıştığından başkası yoktur. Ve elbette ki, &ccedil;alışmasını yakında g&ouml;recektir. Sonra (onun &ccedil;alışması) en tamam bir m&uuml;k&acirc;faat ile m&uuml;k&acirc;fatlandırılacaktır. &ldquo;(Necm S&ucirc;resi, 39 - 41)</p>\r\n\r\n<p>Allah&#39;ım! Efendimiz Muhammed&#39;e kalplerin inşirahına, m&uuml;şk&uuml;llerin kalkmasına, perdelerin a&ccedil;ılmasına vesile olan sal&acirc;t ile salat eyle. Hesap g&uuml;n&uuml;ne dek daim ve &ccedil;ok&ccedil;a selam eyle.</p>\r\n\r\n<p>&ldquo;Orada onların du&acirc;sı: &laquo; Ey Rabbimiz olan y&uuml;ce Allah! Sen b&uuml;t&uuml;n noksan sıfatlardan m&uuml;nezzehsin! &raquo; demeleridir. Orada birbirlerine temennileri de &laquo; Sel&acirc;m! &raquo; dır. Du&acirc;larının sonu ise: &laquo;Hamd, &acirc;lemlerin Rabbi olan Allah&rsquo;a mahsustur&raquo; demeleridir.&rdquo; (Yunus S&ucirc;resi, 10)</p>\r\n\r\n<p>&nbsp;</p>\r\n\r\n<p><iframe allow=\"accelerometer; autoplay; clipboard-write; encrypted-media; gyroscope; picture-in-picture; web-share\" allowfullscreen=\"\" frameborder=\"0\" height=\"315\" src=\"https://www.youtube.com/embed/_bKSheGJi9E\" title=\"YouTube video player\" width=\"560\"></iframe></p>\r\n', '', 1, 1, 7, '2023-01-22 04:13:50', '2023-01-25 08:20:41', 13),
(18, 'Ateist Bilim Adamlarının Sorularını Müslüman Bilim Adamına Sorduk', 'ateist-bilim-adamlarinin-sorularini-musluman-bilim-adamina-sorduk', '#ateist #munazara #elm', '<p><strong>1 ci hi hisse</strong></p>\r\n\r\n<p><iframe allow=\"accelerometer; autoplay; clipboard-write; encrypted-media; gyroscope; picture-in-picture; web-share\" allowfullscreen=\"\" frameborder=\"0\" height=\"315\" src=\"https://www.youtube.com/embed/XAzMFbKrPkE\" title=\"YouTube video player\" width=\"560\"></iframe></p>\r\n\r\n<hr class=\"bg-dark\" />\r\n<p><strong>2 ci hi hisse</strong></p>\r\n\r\n<p><iframe allow=\"accelerometer; autoplay; clipboard-write; encrypted-media; gyroscope; picture-in-picture; web-share\" allowfullscreen=\"\" frameborder=\"0\" height=\"315\" src=\"https://www.youtube.com/embed/hlmdzZqHJJM\" title=\"YouTube video player\" width=\"560\"></iframe></p>\r\n\r\n<p>&nbsp;</p>\r\n', '', 1, 1, 11, '2023-01-22 04:51:55', '2023-01-25 08:20:40', 20),
(23, 'İncildə Muhammed Aleyhisselamın ismi', '聴ncilde-muhammed-aleyhisselamin-ismi', '#incil #munazara', '<p>В этом видео знаменитый исламский оратор Ахмад Дидат, расскажет где в Библии написано имя Мухаммад.&nbsp;Имя Мухаммад найдено в Библии │ Ахмад Дидат&nbsp;</p>\r\n\r\n<p><strong>Bible Solomon of solomon 5:16</strong></p>\r\n\r\n<hr class=\"bg-dark\" />\r\n<p><iframe allow=\"accelerometer; autoplay; clipboard-write; encrypted-media; gyroscope; picture-in-picture; web-share\" allowfullscreen=\"\" frameborder=\"0\" height=\"315\" src=\"https://www.youtube.com/embed/zOlRQmiICRg\" title=\"YouTube video player\" width=\"560\"></iframe></p>\r\n\r\n<p><strong>altyazıda bildiğiniz dili değiştirebilirsiniz</strong></p>\r\n', '', 1, 1, 9, '2023-01-23 08:08:01', '2023-01-25 08:20:39', 22),
(26, 'Beşiktaş-ta Hararetli Tartışma! Deist Vs Müslüman', 'beshiktash-ta-hararetli-tartishma-deist-vs-musluman', '#deist #ateist #munazara', '<p>Merhaba Arkadaşlar, Beşiktaş Meydanında Deist M&uuml;sl&uuml;man Tartışması konulu ateizm deizm sorularıyla yeni sokak r&ouml;portajı videomuz yayında. Neden sadece Kuran Korundu diğer kitaplar korunmadı? &Ccedil;ok İyi ateistler de mi cehenneme gidecek? Cehennem neden var? Cehennem merhamete ters mi? İslamiyetin doğruluğunun ispatı nedir? Neden Kuran Hak Kitap? Konularında Ateist ve deistlerin en &ccedil;ok sorduğu soruları ele aldık. İyi seyirler</p>\r\n\r\n<p>&nbsp;</p>\r\n\r\n<p><iframe allow=\"accelerometer; autoplay; clipboard-write; encrypted-media; gyroscope; picture-in-picture; web-share\" allowfullscreen=\"\" frameborder=\"0\" height=\"315\" src=\"https://www.youtube.com/embed/bu3gtcSBdL8\" title=\"YouTube video player\" width=\"560\"></iframe></p>\r\n', '', 1, 1, 4, '2023-01-23 14:56:26', '2023-01-25 08:20:38', 20),
(27, 'Taksim - in ORTASINDA Deist, Müslüman Tartışması - İman Etti Mi?', 'taksim-in-ortasinda-deist-musluman-tartishmasi-聴man-etti-mi', '#deist #ateist #munazara', '<p>TAKSİM&#39;de Deist Gen&ccedil; İle M&uuml;sl&uuml;man Gencin Tartışması! - İman Etti Mi? Deist gen&ccedil; neler sordu? Deizm ne? Deist ne demek? İnsanlar neden deist oluyor? Deistliğin asıl amacı ne? Neden Deizm? Soramazsın Deist Soramazsın Ateist .</p>\r\n\r\n<p>&nbsp;</p>\r\n\r\n<p><iframe allow=\"accelerometer; autoplay; clipboard-write; encrypted-media; gyroscope; picture-in-picture; web-share\" allowfullscreen=\"\" frameborder=\"0\" height=\"315\" src=\"https://www.youtube.com/embed/aGak4GeZ_VQ\" title=\"YouTube video player\" width=\"560\"></iframe></p>\r\n', '', 1, 1, 5, '2023-01-23 14:58:58', '2023-01-25 08:20:32', 20),
(28, 'Kadıköy Meydanında Allah&#039;ın Varlığı Tartışması! - Agnostik Vs Müslüman', 'kadikoy-meydaninda-allah-039-in-varligi-tartishmasi-agnostik-vs-musluman', '#ateist #munazara #agnostik', '<p>Merhaba Arkadaşlar, Kadık&ouml;y Meydanında Allah&#39;ın Varlığı Tartışması Agnostik vs M&uuml;sl&uuml;man başlıklı sokak r&ouml;portajında yine Kadık&ouml;yde Ateizm &uuml;zerine bir video ile sizlerleyiz, Kadık&ouml;yde 2 Deist 1 M&uuml;sl&uuml;man videosunun ardından yeni bir Ateist Agnostik tartışması ger&ccedil;ekleştirdik. Allah&#39;ın varlığının ispatı sonrası iman etti mi? Şehadet getirdi mi? Videomuz sizlerle. İyi Seyirler...</p>\r\n\r\n<p>&nbsp;</p>\r\n\r\n<p><iframe allow=\"accelerometer; autoplay; clipboard-write; encrypted-media; gyroscope; picture-in-picture; web-share\" allowfullscreen=\"\" frameborder=\"0\" height=\"315\" src=\"https://www.youtube.com/embed/5hiOkbbiokQ\" title=\"YouTube video player\" width=\"560\"></iframe></p>\r\n', '', 1, 1, 3, '2023-01-23 15:01:11', '2023-01-25 08:20:31', 20),
(29, 'Tengrici vs Müslüman', 'tengrici-vs-musluman', '#ateist #munazara #satanist', '<p>Merhaba Arkadaşlar, Bug&uuml;nk&uuml; videomuzda tengri inancına sahip yer altı tanrısı lakaplı arkadaşla Kadık&ouml;y&#39;de sokak r&ouml;portajı ger&ccedil;ekleştirip ateizm, deizm, tengricilik &uuml;zerine tartıştık. Allahın ispatı ve neden islam neden m&uuml;sl&uuml;manlık &uuml;zerine delilleri derledik. İyi Seyirler...</p>\r\n\r\n<p>&nbsp;</p>\r\n\r\n<p><iframe allow=\"accelerometer; autoplay; clipboard-write; encrypted-media; gyroscope; picture-in-picture; web-share\" allowfullscreen=\"\" frameborder=\"0\" height=\"315\" src=\"https://www.youtube.com/embed/GRGYh45sQsg\" title=\"YouTube video player\" width=\"560\"></iframe></p>\r\n', '', 1, 1, 2, '2023-01-23 15:11:11', '2023-01-25 08:20:30', 20),
(30, 'Felsefeci Ateist İle Müslüman Gencin Tartışması', 'felsefeci-ateist-聴le-musluman-gencin-tartishmasi', '#felsefe #ateist #munazara', '<p>Felsefeci Ateist İle M&uuml;sl&uuml;man Gencin Tartışması! - İMAN ETTİ Mİ? Felsefe yapan ateist/agnostik/deist ile sokak r&ouml;portajı yaptık! &Ccedil;ok ilgin&ccedil; anlar yaşadık! Şaşırtıcı sorular ile karşılaştık! Ve tabikide hepsinin cevabını verdik, b&uuml;t&uuml;n bu olaylar nasıl oldu merak ediyorsan kesinlikle izle! İyi seyirler!</p>\r\n\r\n<p>&nbsp;</p>\r\n\r\n<p><iframe allow=\"accelerometer; autoplay; clipboard-write; encrypted-media; gyroscope; picture-in-picture; web-share\" allowfullscreen=\"\" frameborder=\"0\" height=\"315\" src=\"https://www.youtube.com/embed/UxLi-qBQyis\" title=\"YouTube video player\" width=\"560\"></iframe></p>\r\n', '', 1, 1, 2, '2023-01-23 15:13:18', '2023-01-25 08:20:29', 20),
(31, 'Kuranın 24 Bilimsel Mucizesi', 'kuranin-24-bilimsel-mucizesi', '#kuran #mucize', '<p><iframe allow=\"accelerometer; autoplay; clipboard-write; encrypted-media; gyroscope; picture-in-picture; web-share\" allowfullscreen=\"\" frameborder=\"0\" height=\"315\" src=\"https://www.youtube.com/embed/uninv2FzkTg\" title=\"YouTube video player\" width=\"560\"></iframe></p>\r\n', '', 1, 1, 4, '2023-01-23 15:16:32', '2023-01-25 08:20:28', 23),
(32, 'Tarihi Kaynaklarda Hz Musa as Ve Firavun! Yeni Keşifler Kur&#039;an&#039;ı İspatladı', 'tarihi-kaynaklarda-hz-musa-as-ve-firavun-yeni-keshifler-kur-039-an-039-i-聴spatladi', '#firavun #misir #elm', '<p>Merhaba Arkadaşlar, Bug&uuml;nk&uuml; videomuzda Akademi konseptimizin bu b&ouml;l&uuml;m&uuml;nde son zamanlarda tartışılan Hz. Musa ve Firavun zamanında yaşanan olayların ger&ccedil;ekten olduğuna dair tarihi kaynaklardan ispat niteliğindeki bu videoyu sizler i&ccedil;in derledik. İyi Seyirler...</p>\r\n\r\n<p><iframe allow=\"accelerometer; autoplay; clipboard-write; encrypted-media; gyroscope; picture-in-picture; web-share\" allowfullscreen=\"\" frameborder=\"0\" height=\"315\" src=\"https://www.youtube.com/embed/5LgJgz1XlCA\" title=\"YouTube video player\" width=\"560\"></iframe></p>\r\n', '', 1, 1, 3, '2023-01-23 15:18:21', '2023-01-25 08:20:21', 23),
(33, 'İncil üzerinden ile münazara', '聴ncil-uzerinden-ile-munazara', '#incil #munazara', '<h3>İki Hristiyan kardeş Muhammed Ali&#39;ye karşı!</h3>\r\n\r\n<p>Muhammed Ali&#39;ye karşı iki Hıristiyan kardeş<br />\r\nSelamun Aleyk&uuml;m kardeşlerim. Bu videoda Muhammed Ali kardeşimiz iki Hristiyan kardeşe anlatıyor - İslam nedir! İslam&#39;da İsa kimdir?! Deccal kimdir?! teselli eden kim ve ayrıca Allah&#39;ın peygamberlerinden ve el&ccedil;ilerinden bahsediyor! İsa neden Tanrı değil?! ve neden Tanrı&#39;nın oğlu biyolojik oğul anlamına gelmez! ve ayrıca Mukaddes Kitabın neden &ouml;zellikle Hazreti Muhammed&#39;den bahsettiğini! ve ayrıca video bir&ccedil;ok İncil ayeti ve Kuran ayetlerinden bahsediyor!</p>\r\n\r\n<p>&nbsp;</p>\r\n\r\n<p><iframe allow=\"accelerometer; autoplay; clipboard-write; encrypted-media; gyroscope; picture-in-picture; web-share\" allowfullscreen=\"\" frameborder=\"0\" height=\"315\" src=\"https://www.youtube.com/embed/A0gxNyBWqLQ\" title=\"YouTube video player\" width=\"560\"></iframe></p>\r\n\r\n<p>&nbsp;</p>\r\n', '', 1, 1, 1, '2023-01-24 14:58:44', '2023-01-25 08:20:20', 22),
(34, 'Deist - Müslüman', 'deist-musluman', '#deist #ateist #munazara', '<h3>Kadık&ouml;y&#39;de Deist - M&uuml;sl&uuml;man Tartışması 2</h3>\r\n\r\n<p>Sorusu olan bir m&uuml;sl&uuml;man ve 1 deist ile deizm &uuml;zerine konuştuk İyi niyetli bu g&uuml;zel arkadaşlarımıza dua etmeyi unutmayın :)</p>\r\n\r\n<p>&nbsp;</p>\r\n\r\n<p><iframe allow=\"accelerometer; autoplay; clipboard-write; encrypted-media; gyroscope; picture-in-picture; web-share\" allowfullscreen=\"\" frameborder=\"0\" height=\"315\" src=\"https://www.youtube.com/embed/2BvjNB6-vwY\" title=\"YouTube video player\" width=\"560\"></iframe></p>\r\n', '', 1, 1, 2, '2023-01-24 15:01:35', '2023-01-25 08:20:19', 20),
(35, 'Ateistleri Cevapsız Bırakan - Bestami', 'ateistleri-cevapsiz-birakan-bestami', '#ateist #elm', '<h3>Y&uuml;zlerce Ateisti Cevapsız Bırakan Gence Sorduk!</h3>\r\n\r\n<p>Merhaba arkadaşlar bu videomuzda &quot;T&uuml;m Ateistleri Cevapsız Bırakan Gence&quot; sorduk. Ateistlerle nasıl konuşulur bu gibi konularıda ele aldık. İyi Seyirler...</p>\r\n\r\n<p>&nbsp;</p>\r\n\r\n<p><iframe allow=\"accelerometer; autoplay; clipboard-write; encrypted-media; gyroscope; picture-in-picture; web-share\" allowfullscreen=\"\" frameborder=\"0\" height=\"315\" src=\"https://www.youtube.com/embed/OzZGu5zP290\" title=\"YouTube video player\" width=\"560\"></iframe></p>\r\n', '', 1, 1, 1, '2023-01-24 15:06:53', '2023-01-25 08:20:18', 20),
(36, 'Evrimi Bitiren Video', 'evrimi-bitiren-video', '#evrim #elm #ateist', '<p>Evrim Teorisi bir&ccedil;ok Ateistin dayanak noktası. Artık &ouml;yle bir hale gelmişki sanki evrim y&uuml;zde y&uuml;z bir ger&ccedil;ekleşmiş ve evrime inanmayanlarda yobazmış algısı oluşturulmuş. Şimdi bu algıları kırmaya ve evrimcilerin dayanak noktaları birer birer yıkmaya geldik.. İslam&#39;da evrim var mıdır? Evrim ger&ccedil;ek midir? Maymunlardan mı geldik? Faydalı mutasyon var mı? Ara ge&ccedil;iş formları var mı? K&ouml;relmiş organlar var mı?</p>\r\n\r\n<p>&nbsp;</p>\r\n\r\n<p><iframe allow=\"accelerometer; autoplay; clipboard-write; encrypted-media; gyroscope; picture-in-picture; web-share\" allowfullscreen=\"\" frameborder=\"0\" height=\"315\" src=\"https://www.youtube.com/embed/g-m9QfFiUm4\" title=\"YouTube video player\" width=\"560\"></iframe></p>\r\n', '', 1, 1, 9, '2023-01-24 15:10:20', '2023-01-25 08:20:16', 20);

-- --------------------------------------------------------

--
-- Структура таблицы `category`
--

CREATE TABLE `category` (
  `category_id` int(11) NOT NULL,
  `category_title` varchar(100) NOT NULL,
  `category_slug` varchar(100) NOT NULL,
  `category_text` varchar(300) NOT NULL,
  `category_key` int(11) NOT NULL DEFAULT 1,
  `category_created` timestamp NOT NULL DEFAULT current_timestamp(),
  `category_updated` timestamp NOT NULL DEFAULT current_timestamp(),
  `section_id` int(11) NOT NULL DEFAULT 1
) ENGINE=InnoDB DEFAULT CHARSET=utf8 COLLATE=utf8_general_ci;

--
-- Дамп данных таблицы `category`
--

INSERT INTO `category` (`category_id`, `category_title`, `category_slug`, `category_text`, `category_key`, `category_created`, `category_updated`, `section_id`) VALUES
(1, 'other', 'other', 'Lorem ipsum dolor sit amet, consectetur adipisicing elit, sed do eiusmod tempor incididunt ut labore et dolore magna aliqua. Ut enim ad minim veniam, quis nostrud exercitation ullamco laboris nisi ut aliquip ex ea commodo consequat. Duis aute irure dolor in reprehenderit in voluptate velit esse', 1, '2023-01-21 04:40:13', '2023-01-21 04:46:31', 1),
(13, 'Salavati şərifə', 'salavati-sherife', 'Lorem ipsum dolor sit amet, consectetur adipisicing elit, sed do eiusmod tempor incididunt ut labore et dolore magna aliqua.&amp;nbsp;', 1, '2023-01-21 12:21:49', '2023-01-21 14:51:37', 8),
(14, 'Ismi Azam', 'ismi-azam', 'Lorem ipsum dolor sit amet, consectetur adipisicing elit, sed do eiusmod tempor incididunt ut labore et dolore magna aliqua. Ut enim ad minim veniam.', 1, '2023-01-21 16:05:54', '2023-01-21 16:05:54', 8),
(15, 'Dua', 'dua', 'Lorem ipsum dolor sit amet, consectetur adipisicing elit, sed do eiusmod\r\ntempor incididunt ut labore et dolore magna aliqua. Ut enim ad minim veniam,', 1, '2023-01-21 16:37:00', '2023-01-21 16:37:00', 8),
(16, 'peygamberler', 'peygamberler', 'Lorem ipsum dolor sit amet, consectetur adipisicing elit, sed do eiusmod tempor incididunt ut labore et dolore magna aliqua. Ut enim ad minim veniam', 1, '2023-01-21 17:08:37', '2023-01-21 17:17:30', 9),
(20, 'Ateizm', 'ateizm', 'quis nostrud exercitation ullamco laboris nisi ut aliquip ex ea commodo consequat. Duis aute irure dolor in reprehenderit in voluptate velit esse', 1, '2023-01-22 04:50:41', '2023-01-22 04:55:46', 11),
(22, 'hıristiyanlık', 'hiristiyanlik', 'Lorem ipsum dolor sit amet, consectetur adipisicing elit, sed do eiusmod', 1, '2023-01-23 08:05:45', '2023-01-23 08:06:02', 11),
(23, 'Mucize', 'mucize', 'Lorem ipsum dolor sit amet, consectetur adipisicing elit, sed do eiusmod', 1, '2023-01-23 15:15:50', '2023-01-23 15:15:50', 14);

-- --------------------------------------------------------

--
-- Структура таблицы `guest`
--

CREATE TABLE `guest` (
  `guest_id` int(11) NOT NULL,
  `guest_ip` varchar(50) NOT NULL,
  `guest_visit` int(11) NOT NULL,
  `guest_created` timestamp NOT NULL DEFAULT current_timestamp()
) ENGINE=InnoDB DEFAULT CHARSET=utf8 COLLATE=utf8_general_ci;

--
-- Дамп данных таблицы `guest`
--

INSERT INTO `guest` (`guest_id`, `guest_ip`, `guest_visit`, `guest_created`) VALUES
(1, '127.0.0.1', 1674637993, '2023-01-21 12:09:59'),
(2, '188.253.224.245', 1674322471, '2023-01-21 16:33:18'),
(3, '149.154.161.196', 1674322447, '2023-01-21 16:34:07');

-- --------------------------------------------------------

--
-- Структура таблицы `keyword`
--

CREATE TABLE `keyword` (
  `keyword_id` int(11) NOT NULL,
  `keyword_name` varchar(50) NOT NULL
) ENGINE=InnoDB DEFAULT CHARSET=utf8mb4 COLLATE=utf8mb4_general_ci;

--
-- Дамп данных таблицы `keyword`
--

INSERT INTO `keyword` (`keyword_id`, `keyword_name`) VALUES
(13, '#ismi-azam'),
(14, '#salavat'),
(15, '#hacet'),
(16, '#dua'),
(17, '#tevbe'),
(21, '#peygamberler'),
(22, '#ateizm'),
(23, '#ateist'),
(24, '#elm'),
(25, '#incil'),
(26, '#munazara'),
(27, '#deist'),
(28, '#agnostik'),
(29, '#satanist'),
(30, '#felsefe'),
(31, '#kuran'),
(32, '#mucize'),
(33, '#firavun'),
(34, '#misir'),
(35, '#evrim'),
(36, '');

-- --------------------------------------------------------

--
-- Структура таблицы `section`
--

CREATE TABLE `section` (
  `section_id` int(11) NOT NULL,
  `section_title` varchar(50) NOT NULL,
  `section_slug` varchar(50) NOT NULL,
  `section_text` varchar(500) NOT NULL,
  `section_key` int(11) NOT NULL DEFAULT 1,
  `section_created` timestamp NOT NULL DEFAULT current_timestamp(),
  `section_updated` timestamp NOT NULL DEFAULT current_timestamp()
) ENGINE=InnoDB DEFAULT CHARSET=utf8 COLLATE=utf8_general_ci;

--
-- Дамп данных таблицы `section`
--

INSERT INTO `section` (`section_id`, `section_title`, `section_slug`, `section_text`, `section_key`, `section_created`, `section_updated`) VALUES
(1, 'other', 'other', 'Lorem ipsum dolor sit amet, consectetur adipisicing elit, sed do eiusmod tempor incididunt ut labore et dolore magna aliqua. Ut enim ad minim veniam, quis nostrud exercitation ullamco laboris nisi ut aliquip ex ea commodo consequat.', 1, '2023-01-21 04:39:43', '2023-01-23 08:03:19'),
(8, 'Dualar', 'dualar', 'Lorem ipsum dolor sit amet consectetur adipisicing elit. Magni delectus nostrum odio quaerat nihil, soluta nemo quasi ipsa. Aliquam, porro. &amp;nbsp;', 1, '2023-01-21 12:18:30', '2023-01-21 14:52:20'),
(9, 'Bilgi', 'bilgi', 'Lorem ipsum dolor sit amet, consectetur adipisicing elit, sed do eiusmod tempor incididunt ut labore et dolore magna aliqua. Ut enim ad minim veniam', 1, '2023-01-21 17:01:47', '2023-01-21 17:08:02'),
(11, 'Münazara', 'munazara', 'Lorem ipsum dolor sit amet, consectetur adipisicing elit, sed do eiusmod\r\ntempor incididunt ut labore et dolore magna aliqua. Ut enim ad minim veniam', 1, '2023-01-22 04:50:18', '2023-01-22 04:50:18'),
(14, 'Elm', 'elm', 'Lorem ipsum dolor sit amet, consectetur adipisicing elit, sed do eiusmod', 1, '2023-01-23 15:14:55', '2023-01-23 15:14:55');

-- --------------------------------------------------------

--
-- Структура таблицы `setting`
--

CREATE TABLE `setting` (
  `setting_id` int(11) NOT NULL,
  `setting_description` varchar(100) NOT NULL,
  `setting_key` varchar(100) NOT NULL,
  `setting_value` text NOT NULL,
  `setting_type` varchar(50) NOT NULL,
  `setting_updated` timestamp NOT NULL DEFAULT current_timestamp()
) ENGINE=InnoDB DEFAULT CHARSET=utf8 COLLATE=utf8_general_ci;

--
-- Дамп данных таблицы `setting`
--

INSERT INTO `setting` (`setting_id`, `setting_description`, `setting_key`, `setting_value`, `setting_type`, `setting_updated`) VALUES
(3, 'author', 'author', '190101101', 'text', '2022-12-15 19:57:56'),
(4, 'title', 'title', 'Blog', 'text', '2022-12-15 23:02:27'),
(5, 'description', 'description', 'Lorem ipsum dolor sit amet, consectetur adipisicing elit. Aspernatur, repellendus.', 'textarea', '2022-12-15 23:03:59'),
(6, 'keyword', 'keyword', '#param1, #param2, #param3, #param4, #param5', 'text', '2022-12-15 20:00:50'),
(7, 'website', 'website', 'https://190101101.github.io/developer/', 'text', '2022-12-15 20:02:28'),
(8, 'github', 'github', 'https://github.com/190101101', 'text', '2022-12-15 20:02:59'),
(15, 'email address', 'email', '190101101@blog.com', 'text', '2022-12-15 20:07:24'),
(16, 'Copyright', 'copyright', 'Copyright © 2022', 'text', '2022-12-15 20:07:24'),
(19, 'reminder title', 'reminder_title', 'reminder', 'text', '2023-01-21 05:56:10'),
(20, 'reminder', 'reminder', 'You can put anything you want inside of these side widgets. They are easy to use, and feature the new Bootstrap 4 card containers!', 'text', '2022-12-15 20:07:24');

-- --------------------------------------------------------

--
-- Структура таблицы `user`
--

CREATE TABLE `user` (
  `user_id` int(11) NOT NULL,
  `user_email` varchar(100) NOT NULL,
  `user_login` varchar(50) NOT NULL,
  `user_password` varchar(50) NOT NULL,
  `user_status` int(11) NOT NULL DEFAULT 1,
  `user_level` int(11) NOT NULL DEFAULT 1,
  `user_gender` varchar(50) NOT NULL,
  `user_ip` varchar(100) NOT NULL,
  `last_updated` timestamp NOT NULL DEFAULT current_timestamp(),
  `user_updated` timestamp NOT NULL DEFAULT current_timestamp(),
  `user_created` timestamp NOT NULL DEFAULT current_timestamp()
) ENGINE=InnoDB DEFAULT CHARSET=utf8 COLLATE=utf8_general_ci;

--
-- Дамп данных таблицы `user`
--

INSERT INTO `user` (`user_id`, `user_email`, `user_login`, `user_password`, `user_status`, `user_level`, `user_gender`, `user_ip`, `last_updated`, `user_updated`, `user_created`) VALUES
(1, 'apsi@mail.ru', 'apsi', '111', 1, 99, 'male', '127.0.0.1', '2022-12-20 22:11:37', '2023-01-25 07:53:15', '2022-12-20 22:11:37');

--
-- Индексы сохранённых таблиц
--

--
-- Индексы таблицы `article`
--
ALTER TABLE `article`
  ADD PRIMARY KEY (`article_id`),
  ADD KEY `category_id` (`category_id`),
  ADD KEY `article_keyword` (`article_keyword`);

--
-- Индексы таблицы `category`
--
ALTER TABLE `category`
  ADD PRIMARY KEY (`category_id`),
  ADD KEY `category_title` (`category_title`),
  ADD KEY `category_slug` (`category_slug`),
  ADD KEY `section_id` (`section_id`);

--
-- Индексы таблицы `guest`
--
ALTER TABLE `guest`
  ADD PRIMARY KEY (`guest_id`),
  ADD KEY `guest_ip` (`guest_ip`),
  ADD KEY `guest_visit` (`guest_visit`);

--
-- Индексы таблицы `keyword`
--
ALTER TABLE `keyword`
  ADD PRIMARY KEY (`keyword_id`);

--
-- Индексы таблицы `section`
--
ALTER TABLE `section`
  ADD PRIMARY KEY (`section_id`),
  ADD KEY `section_title` (`section_title`),
  ADD KEY `section_slug` (`section_slug`);

--
-- Индексы таблицы `setting`
--
ALTER TABLE `setting`
  ADD PRIMARY KEY (`setting_id`),
  ADD KEY `setting_description` (`setting_description`),
  ADD KEY `setting_key` (`setting_key`);

--
-- Индексы таблицы `user`
--
ALTER TABLE `user`
  ADD PRIMARY KEY (`user_id`),
  ADD KEY `user_email` (`user_email`),
  ADD KEY `user_password` (`user_password`);

--
-- AUTO_INCREMENT для сохранённых таблиц
--

--
-- AUTO_INCREMENT для таблицы `article`
--
ALTER TABLE `article`
  MODIFY `article_id` int(11) NOT NULL AUTO_INCREMENT, AUTO_INCREMENT=48;

--
-- AUTO_INCREMENT для таблицы `category`
--
ALTER TABLE `category`
  MODIFY `category_id` int(11) NOT NULL AUTO_INCREMENT, AUTO_INCREMENT=24;

--
-- AUTO_INCREMENT для таблицы `guest`
--
ALTER TABLE `guest`
  MODIFY `guest_id` int(11) NOT NULL AUTO_INCREMENT, AUTO_INCREMENT=4;

--
-- AUTO_INCREMENT для таблицы `keyword`
--
ALTER TABLE `keyword`
  MODIFY `keyword_id` int(11) NOT NULL AUTO_INCREMENT, AUTO_INCREMENT=37;

--
-- AUTO_INCREMENT для таблицы `section`
--
ALTER TABLE `section`
  MODIFY `section_id` int(11) NOT NULL AUTO_INCREMENT, AUTO_INCREMENT=15;

--
-- AUTO_INCREMENT для таблицы `setting`
--
ALTER TABLE `setting`
  MODIFY `setting_id` int(11) NOT NULL AUTO_INCREMENT, AUTO_INCREMENT=31;

--
-- AUTO_INCREMENT для таблицы `user`
--
ALTER TABLE `user`
  MODIFY `user_id` int(11) NOT NULL AUTO_INCREMENT, AUTO_INCREMENT=108;
COMMIT;

/*!40101 SET CHARACTER_SET_CLIENT=@OLD_CHARACTER_SET_CLIENT */;
/*!40101 SET CHARACTER_SET_RESULTS=@OLD_CHARACTER_SET_RESULTS */;
/*!40101 SET COLLATION_CONNECTION=@OLD_COLLATION_CONNECTION */;
